{
	"ambientocclusion": false,
	"textures": {
		"particle": "block/warped_door_top",
		"top": "block/warped_door_top"
	},
	"elements": [
		{
			"from": [0.5, 0, 0],
			"to": [2.5, 16, 16],
			"rotation": {"angle": 0, "axis": "y", "origin": [8.5, 8, 8]},
			"faces": {
				"north": {"uv": [2, 0, 0, 16], "texture": "#top", "cullface": "north"},
				"east": {"uv": [16, 0, 0, 16], "texture": "#top"},
				"south": {"uv": [14, 0, 16, 16], "texture": "#top", "cullface": "south"},
				"west": {"uv": [0, 0, 16, 16], "texture": "#top", "cullface": "west"},
				"up": {"uv": [14, 0, 16, 16], "texture": "#top", "cullface": "up"},
				"down": {"uv": [0, 0, 0, 0], "texture": "#top"}
			}
		},
		{
			"name": "warped_door_top_253",
			"from": [0, 0, 13],
			"to": [3, 1, 14],
			"rotation": {"angle": 0, "axis": "y", "origin": [-5, 8, 8]},
			"faces": {
				"north": {"uv": [13, 15, 14, 16], "texture": "#top"},
				"east": {"uv": [13, 16, 14, 15], "rotation": 180, "texture": "#top"},
				"south": {"uv": [13, 15, 14, 16], "texture": "#top"},
				"west": {"uv": [13, 15, 14, 16], "texture": "#top"},
				"up": {"uv": [14, 15, 13, 16], "rotation": 270, "texture": "#top"},
				"down": {"uv": [13, 15, 14, 16], "rotation": 270, "texture": "#top"}
			}
		},
		{
			"name": "warped_door_top_252",
			"from": [0, 0, 12],
			"to": [3, 1, 13],
			"rotation": {"angle": 0, "axis": "y", "origin": [-5, 8, 8]},
			"faces": {
				"north": {"uv": [12, 15, 13, 16], "texture": "#top"},
				"east": {"uv": [12, 16, 13, 15], "rotation": 180, "texture": "#top"},
				"south": {"uv": [12, 15, 13, 16], "texture": "#top"},
				"west": {"uv": [12, 15, 13, 16], "texture": "#top"},
				"up": {"uv": [13, 15, 12, 16], "rotation": 270, "texture": "#top"},
				"down": {"uv": [12, 15, 13, 16], "rotation": 270, "texture": "#top"}
			}
		},
		{
			"name": "warped_door_top_251",
			"from": [0, 0, 11],
			"to": [3, 1, 12],
			"rotation": {"angle": 0, "axis": "y", "origin": [-5, 8, 8]},
			"faces": {
				"north": {"uv": [11, 15, 12, 16], "texture": "#top"},
				"east": {"uv": [11, 16, 12, 15], "rotation": 180, "texture": "#top"},
				"south": {"uv": [11, 15, 12, 16], "texture": "#top"},
				"west": {"uv": [11, 15, 12, 16], "texture": "#top"},
				"up": {"uv": [12, 15, 11, 16], "rotation": 270, "texture": "#top"},
				"down": {"uv": [11, 15, 12, 16], "rotation": 270, "texture": "#top"}
			}
		},
		{
			"name": "warped_door_top_235",
			"from": [0, 1, 11],
			"to": [3, 2, 12],
			"rotation": {"angle": 0, "axis": "y", "origin": [-5, 8, 8]},
			"faces": {
				"north": {"uv": [11, 14, 12, 15], "texture": "#top"},
				"east": {"uv": [11, 15, 12, 14], "rotation": 180, "texture": "#top"},
				"south": {"uv": [11, 14, 12, 15], "texture": "#top"},
				"west": {"uv": [11, 14, 12, 15], "texture": "#top"},
				"up": {"uv": [12, 14, 11, 15], "rotation": 270, "texture": "#top"},
				"down": {"uv": [11, 14, 12, 15], "rotation": 270, "texture": "#top"}
			}
		},
		{
			"name": "warped_door_top_236",
			"from": [0, 1, 12],
			"to": [3, 2, 13],
			"rotation": {"angle": 0, "axis": "y", "origin": [-5, 8, 8]},
			"faces": {
				"north": {"uv": [12, 14, 13, 15], "texture": "#top"},
				"east": {"uv": [12, 15, 13, 14], "rotation": 180, "texture": "#top"},
				"south": {"uv": [12, 14, 13, 15], "texture": "#top"},
				"west": {"uv": [12, 14, 13, 15], "texture": "#top"},
				"up": {"uv": [13, 14, 12, 15], "rotation": 270, "texture": "#top"},
				"down": {"uv": [12, 14, 13, 15], "rotation": 270, "texture": "#top"}
			}
		},
		{
			"name": "warped_door_top_237",
			"from": [0, 1, 13],
			"to": [3, 2, 14],
			"rotation": {"angle": 0, "axis": "y", "origin": [-5, 8, 8]},
			"faces": {
				"north": {"uv": [13, 14, 14, 15], "texture": "#top"},
				"east": {"uv": [13, 15, 14, 14], "rotation": 180, "texture": "#top"},
				"south": {"uv": [13, 14, 14, 15], "texture": "#top"},
				"west": {"uv": [13, 14, 14, 15], "texture": "#top"},
				"up": {"uv": [14, 14, 13, 15], "rotation": 270, "texture": "#top"},
				"down": {"uv": [13, 14, 14, 15], "rotation": 270, "texture": "#top"}
			}
		},
		{
			"name": "warped_door_top_175",
			"from": [0, 5, 15],
			"to": [3, 6, 16],
			"rotation": {"angle": 0, "axis": "y", "origin": [-5, 8, 8]},
			"faces": {
				"north": {"uv": [15, 10, 16, 11], "texture": "#top"},
				"east": {"uv": [15, 11, 16, 10], "rotation": 180, "texture": "#top"},
				"south": {"uv": [15, 10, 16, 11], "texture": "#top"},
				"west": {"uv": [15, 10, 16, 11], "texture": "#top"},
				"up": {"uv": [16, 10, 15, 11], "rotation": 270, "texture": "#top"},
				"down": {"uv": [15, 10, 16, 11], "rotation": 270, "texture": "#top"}
			}
		},
		{
			"name": "warped_door_top_190",
			"from": [0, 4, 14],
			"to": [3, 5, 15],
			"rotation": {"angle": 0, "axis": "y", "origin": [-5, 8, 8]},
			"faces": {
				"north": {"uv": [14, 11, 15, 12], "texture": "#top"},
				"east": {"uv": [14, 12, 15, 11], "rotation": 180, "texture": "#top"},
				"south": {"uv": [14, 11, 15, 12], "texture": "#top"},
				"west": {"uv": [14, 11, 15, 12], "texture": "#top"},
				"up": {"uv": [15, 11, 14, 12], "rotation": 270, "texture": "#top"},
				"down": {"uv": [14, 11, 15, 12], "rotation": 270, "texture": "#top"}
			}
		},
		{
			"name": "warped_door_top_205",
			"from": [0, 3, 13],
			"to": [3, 4, 14],
			"rotation": {"angle": 0, "axis": "y", "origin": [-5, 8, 8]},
			"faces": {
				"north": {"uv": [13, 12, 14, 13], "texture": "#top"},
				"east": {"uv": [13, 13, 14, 12], "rotation": 180, "texture": "#top"},
				"south": {"uv": [13, 12, 14, 13], "texture": "#top"},
				"west": {"uv": [13, 12, 14, 13], "texture": "#top"},
				"up": {"uv": [14, 12, 13, 13], "rotation": 270, "texture": "#top"},
				"down": {"uv": [13, 12, 14, 13], "rotation": 270, "texture": "#top"}
			}
		},
		{
			"name": "warped_door_top_204",
			"from": [0, 3, 12],
			"to": [3, 4, 13],
			"rotation": {"angle": 0, "axis": "y", "origin": [-5, 8, 8]},
			"faces": {
				"north": {"uv": [12, 12, 13, 13], "texture": "#top"},
				"east": {"uv": [12, 13, 13, 12], "rotation": 180, "texture": "#top"},
				"south": {"uv": [12, 12, 13, 13], "texture": "#top"},
				"west": {"uv": [12, 12, 13, 13], "texture": "#top"},
				"up": {"uv": [13, 12, 12, 13], "rotation": 270, "texture": "#top"},
				"down": {"uv": [12, 12, 13, 13], "rotation": 270, "texture": "#top"}
			}
		},
		{
			"name": "warped_door_top_187",
			"from": [0, 4, 11],
			"to": [3, 5, 12],
			"rotation": {"angle": 0, "axis": "y", "origin": [-5, 8, 8]},
			"faces": {
				"north": {"uv": [11, 11, 12, 12], "texture": "#top"},
				"east": {"uv": [11, 12, 12, 11], "rotation": 180, "texture": "#top"},
				"south": {"uv": [11, 11, 12, 12], "texture": "#top"},
				"west": {"uv": [11, 11, 12, 12], "texture": "#top"},
				"up": {"uv": [12, 11, 11, 12], "rotation": 270, "texture": "#top"},
				"down": {"uv": [11, 11, 12, 12], "rotation": 270, "texture": "#top"}
			}
		},
		{
			"name": "warped_door_top_184",
			"from": [0, 4, 8],
			"to": [3, 5, 9],
			"rotation": {"angle": 0, "axis": "y", "origin": [-5, 8, 8]},
			"faces": {
				"north": {"uv": [8, 11, 9, 12], "texture": "#top"},
				"east": {"uv": [8, 12, 9, 11], "rotation": 180, "texture": "#top"},
				"south": {"uv": [8, 11, 9, 12], "texture": "#top"},
				"west": {"uv": [8, 11, 9, 12], "texture": "#top"},
				"up": {"uv": [9, 11, 8, 12], "rotation": 270, "texture": "#top"},
				"down": {"uv": [8, 11, 9, 12], "rotation": 270, "texture": "#top"}
			}
		},
		{
			"name": "warped_door_top_169",
			"from": [0, 5, 9],
			"to": [3, 6, 10],
			"rotation": {"angle": 0, "axis": "y", "origin": [-5, 8, 8]},
			"faces": {
				"north": {"uv": [9, 10, 10, 11], "texture": "#top"},
				"east": {"uv": [9, 11, 10, 10], "rotation": 180, "texture": "#top"},
				"south": {"uv": [9, 10, 10, 11], "texture": "#top"},
				"west": {"uv": [9, 10, 10, 11], "texture": "#top"},
				"up": {"uv": [10, 10, 9, 11], "rotation": 270, "texture": "#top"},
				"down": {"uv": [9, 10, 10, 11], "rotation": 270, "texture": "#top"}
			}
		},
		{
			"name": "warped_door_top_170",
			"from": [0, 5, 10],
			"to": [3, 6, 11],
			"rotation": {"angle": 0, "axis": "y", "origin": [-5, 8, 8]},
			"faces": {
				"north": {"uv": [10, 10, 11, 11], "texture": "#top"},
				"east": {"uv": [10, 11, 11, 10], "rotation": 180, "texture": "#top"},
				"south": {"uv": [10, 10, 11, 11], "texture": "#top"},
				"west": {"uv": [10, 10, 11, 11], "texture": "#top"},
				"up": {"uv": [11, 10, 10, 11], "rotation": 270, "texture": "#top"},
				"down": {"uv": [10, 10, 11, 11], "rotation": 270, "texture": "#top"}
			}
		},
		{
			"name": "warped_door_top_156",
			"from": [0, 6, 12],
			"to": [3, 7, 13],
			"rotation": {"angle": 0, "axis": "y", "origin": [-5, 8, 8]},
			"faces": {
				"north": {"uv": [12, 9, 13, 10], "texture": "#top"},
				"east": {"uv": [12, 10, 13, 9], "rotation": 180, "texture": "#top"},
				"south": {"uv": [12, 9, 13, 10], "texture": "#top"},
				"west": {"uv": [12, 9, 13, 10], "texture": "#top"},
				"up": {"uv": [13, 9, 12, 10], "rotation": 270, "texture": "#top"},
				"down": {"uv": [12, 9, 13, 10], "rotation": 270, "texture": "#top"}
			}
		},
		{
			"name": "warped_door_top_141",
			"from": [0, 7, 13],
			"to": [3, 8, 14],
			"rotation": {"angle": 0, "axis": "y", "origin": [-5, 8, 8]},
			"faces": {
				"north": {"uv": [13, 8, 14, 9], "texture": "#top"},
				"east": {"uv": [13, 9, 14, 8], "rotation": 180, "texture": "#top"},
				"south": {"uv": [13, 8, 14, 9], "texture": "#top"},
				"west": {"uv": [13, 8, 14, 9], "texture": "#top"},
				"up": {"uv": [14, 8, 13, 9], "rotation": 270, "texture": "#top"},
				"down": {"uv": [13, 8, 14, 9], "rotation": 270, "texture": "#top"}
			}
		},
		{
			"name": "warped_door_top_142",
			"from": [0, 7, 14],
			"to": [3, 8, 15],
			"rotation": {"angle": 0, "axis": "y", "origin": [-5, 8, 8]},
			"faces": {
				"north": {"uv": [14, 8, 15, 9], "texture": "#top"},
				"east": {"uv": [14, 9, 15, 8], "rotation": 180, "texture": "#top"},
				"south": {"uv": [14, 8, 15, 9], "texture": "#top"},
				"west": {"uv": [14, 8, 15, 9], "texture": "#top"},
				"up": {"uv": [15, 8, 14, 9], "rotation": 270, "texture": "#top"},
				"down": {"uv": [14, 8, 15, 9], "rotation": 270, "texture": "#top"}
			}
		},
		{
			"name": "warped_door_top_127",
			"from": [0, 8, 15],
			"to": [3, 9, 16],
			"rotation": {"angle": 0, "axis": "y", "origin": [-5, 8, 8]},
			"faces": {
				"north": {"uv": [15, 7, 16, 8], "texture": "#top"},
				"east": {"uv": [15, 8, 16, 7], "rotation": 180, "texture": "#top"},
				"south": {"uv": [15, 7, 16, 8], "texture": "#top"},
				"west": {"uv": [15, 7, 16, 8], "texture": "#top"},
				"up": {"uv": [16, 7, 15, 8], "rotation": 270, "texture": "#top"},
				"down": {"uv": [15, 7, 16, 8], "rotation": 270, "texture": "#top"}
			}
		},
		{
			"name": "warped_door_top_247",
			"from": [0, 0, 7],
			"to": [3, 1, 8],
			"rotation": {"angle": 0, "axis": "y", "origin": [-5, 8, 8]},
			"faces": {
				"north": {"uv": [7, 15, 8, 16], "texture": "#top"},
				"east": {"uv": [7, 16, 8, 15], "rotation": 180, "texture": "#top"},
				"south": {"uv": [7, 15, 8, 16], "texture": "#top"},
				"west": {"uv": [7, 15, 8, 16], "texture": "#top"},
				"up": {"uv": [8, 15, 7, 16], "rotation": 270, "texture": "#top"},
				"down": {"uv": [7, 15, 8, 16], "rotation": 270, "texture": "#top"}
			}
		},
		{
			"name": "warped_door_top_231",
			"from": [0, 1, 7],
			"to": [3, 2, 8],
			"rotation": {"angle": 0, "axis": "y", "origin": [-5, 8, 8]},
			"faces": {
				"north": {"uv": [7, 14, 8, 15], "texture": "#top"},
				"east": {"uv": [7, 15, 8, 14], "rotation": 180, "texture": "#top"},
				"south": {"uv": [7, 14, 8, 15], "texture": "#top"},
				"west": {"uv": [7, 14, 8, 15], "texture": "#top"},
				"up": {"uv": [8, 14, 7, 15], "rotation": 270, "texture": "#top"},
				"down": {"uv": [7, 14, 8, 15], "rotation": 270, "texture": "#top"}
			}
		},
		{
			"name": "warped_door_top_215",
			"from": [0, 2, 7],
			"to": [3, 3, 8],
			"rotation": {"angle": 0, "axis": "y", "origin": [-5, 8, 8]},
			"faces": {
				"north": {"uv": [7, 13, 8, 14], "texture": "#top"},
				"east": {"uv": [7, 14, 8, 13], "rotation": 180, "texture": "#top"},
				"south": {"uv": [7, 13, 8, 14], "texture": "#top"},
				"west": {"uv": [7, 13, 8, 14], "texture": "#top"},
				"up": {"uv": [8, 13, 7, 14], "rotation": 270, "texture": "#top"},
				"down": {"uv": [7, 13, 8, 14], "rotation": 270, "texture": "#top"}
			}
		},
		{
			"name": "warped_door_top_199",
			"from": [0, 3, 7],
			"to": [3, 4, 8],
			"rotation": {"angle": 0, "axis": "y", "origin": [-5, 8, 8]},
			"faces": {
				"north": {"uv": [7, 12, 8, 13], "texture": "#top"},
				"east": {"uv": [7, 13, 8, 12], "rotation": 180, "texture": "#top"},
				"south": {"uv": [7, 12, 8, 13], "texture": "#top"},
				"west": {"uv": [7, 12, 8, 13], "texture": "#top"},
				"up": {"uv": [8, 12, 7, 13], "rotation": 270, "texture": "#top"},
				"down": {"uv": [7, 12, 8, 13], "rotation": 270, "texture": "#top"}
			}
		},
		{
			"name": "warped_door_top_192",
			"from": [0, 3, 0],
			"to": [3, 4, 1],
			"rotation": {"angle": 0, "axis": "y", "origin": [-5, 8, 8]},
			"faces": {
				"north": {"uv": [0, 12, 1, 13], "texture": "#top"},
				"east": {"uv": [0, 13, 1, 12], "rotation": 180, "texture": "#top"},
				"south": {"uv": [0, 12, 1, 13], "texture": "#top"},
				"west": {"uv": [0, 12, 1, 13], "texture": "#top"},
				"up": {"uv": [1, 12, 0, 13], "rotation": 270, "texture": "#top"},
				"down": {"uv": [0, 12, 1, 13], "rotation": 270, "texture": "#top"}
			}
		},
		{
			"name": "warped_door_top_176",
			"from": [0, 4, 0],
			"to": [3, 5, 1],
			"rotation": {"angle": 0, "axis": "y", "origin": [-5, 8, 8]},
			"faces": {
				"north": {"uv": [0, 11, 1, 12], "texture": "#top"},
				"east": {"uv": [0, 12, 1, 11], "rotation": 180, "texture": "#top"},
				"south": {"uv": [0, 11, 1, 12], "texture": "#top"},
				"west": {"uv": [0, 11, 1, 12], "texture": "#top"},
				"up": {"uv": [1, 11, 0, 12], "rotation": 270, "texture": "#top"},
				"down": {"uv": [0, 11, 1, 12], "rotation": 270, "texture": "#top"}
			}
		},
		{
			"name": "warped_door_top_160",
			"from": [0, 5, 0],
			"to": [3, 6, 1],
			"rotation": {"angle": 0, "axis": "y", "origin": [-5, 8, 8]},
			"faces": {
				"north": {"uv": [0, 10, 1, 11], "texture": "#top"},
				"east": {"uv": [0, 11, 1, 10], "rotation": 180, "texture": "#top"},
				"south": {"uv": [0, 10, 1, 11], "texture": "#top"},
				"west": {"uv": [0, 10, 1, 11], "texture": "#top"},
				"up": {"uv": [1, 10, 0, 11], "rotation": 270, "texture": "#top"},
				"down": {"uv": [0, 10, 1, 11], "rotation": 270, "texture": "#top"}
			}
		},
		{
			"name": "warped_door_top_144",
			"from": [0, 6, 0],
			"to": [3, 7, 1],
			"rotation": {"angle": 0, "axis": "y", "origin": [-5, 8, 8]},
			"faces": {
				"north": {"uv": [0, 9, 1, 10], "texture": "#top"},
				"east": {"uv": [0, 10, 1, 9], "rotation": 180, "texture": "#top"},
				"south": {"uv": [0, 9, 1, 10], "texture": "#top"},
				"west": {"uv": [0, 9, 1, 10], "texture": "#top"},
				"up": {"uv": [1, 9, 0, 10], "rotation": 270, "texture": "#top"},
				"down": {"uv": [0, 9, 1, 10], "rotation": 270, "texture": "#top"}
			}
		},
		{
			"name": "warped_door_top_128",
			"from": [0, 7, 0],
			"to": [3, 8, 1],
			"rotation": {"angle": 0, "axis": "y", "origin": [-5, 8, 8]},
			"faces": {
				"north": {"uv": [0, 8, 1, 9], "texture": "#top"},
				"east": {"uv": [0, 9, 1, 8], "rotation": 180, "texture": "#top"},
				"south": {"uv": [0, 8, 1, 9], "texture": "#top"},
				"west": {"uv": [0, 8, 1, 9], "texture": "#top"},
				"up": {"uv": [1, 8, 0, 9], "rotation": 270, "texture": "#top"},
				"down": {"uv": [0, 8, 1, 9], "rotation": 270, "texture": "#top"}
			}
		},
		{
			"name": "warped_door_top_113",
			"from": [0, 8, 1],
			"to": [3, 9, 2],
			"rotation": {"angle": 0, "axis": "y", "origin": [-5, 8, 8]},
			"faces": {
				"north": {"uv": [1, 7, 2, 8], "texture": "#top"},
				"east": {"uv": [1, 8, 2, 7], "rotation": 180, "texture": "#top"},
				"south": {"uv": [1, 7, 2, 8], "texture": "#top"},
				"west": {"uv": [1, 7, 2, 8], "texture": "#top"},
				"up": {"uv": [2, 7, 1, 8], "rotation": 270, "texture": "#top"},
				"down": {"uv": [1, 7, 2, 8], "rotation": 270, "texture": "#top"}
			}
		},
		{
			"name": "warped_door_top_114",
			"from": [0, 8, 2],
			"to": [3, 9, 3],
			"rotation": {"angle": 0, "axis": "y", "origin": [-5, 8, 8]},
			"faces": {
				"north": {"uv": [2, 7, 3, 8], "texture": "#top"},
				"east": {"uv": [2, 8, 3, 7], "rotation": 180, "texture": "#top"},
				"south": {"uv": [2, 7, 3, 8], "texture": "#top"},
				"west": {"uv": [2, 7, 3, 8], "texture": "#top"},
				"up": {"uv": [3, 7, 2, 8], "rotation": 270, "texture": "#top"},
				"down": {"uv": [2, 7, 3, 8], "rotation": 270, "texture": "#top"}
			}
		},
		{
			"name": "warped_door_top_99",
			"from": [0, 9, 3],
			"to": [3, 10, 4],
			"rotation": {"angle": 0, "axis": "y", "origin": [-5, 8, 8]},
			"faces": {
				"north": {"uv": [3, 6, 4, 7], "texture": "#top"},
				"east": {"uv": [3, 7, 4, 6], "rotation": 180, "texture": "#top"},
				"south": {"uv": [3, 6, 4, 7], "texture": "#top"},
				"west": {"uv": [3, 6, 4, 7], "texture": "#top"},
				"up": {"uv": [4, 6, 3, 7], "rotation": 270, "texture": "#top"},
				"down": {"uv": [3, 6, 4, 7], "rotation": 270, "texture": "#top"}
			}
		},
		{
			"name": "warped_door_top_84",
			"from": [0, 10, 4],
			"to": [3, 11, 5],
			"rotation": {"angle": 0, "axis": "y", "origin": [-5, 8, 8]},
			"faces": {
				"north": {"uv": [4, 5, 5, 6], "texture": "#top"},
				"east": {"uv": [4, 6, 5, 5], "rotation": 180, "texture": "#top"},
				"south": {"uv": [4, 5, 5, 6], "texture": "#top"},
				"west": {"uv": [4, 5, 5, 6], "texture": "#top"},
				"up": {"uv": [5, 5, 4, 6], "rotation": 270, "texture": "#top"},
				"down": {"uv": [4, 5, 5, 6], "rotation": 270, "texture": "#top"}
			}
		},
		{
			"name": "warped_door_top_68",
			"from": [0, 11, 4],
			"to": [3, 12, 5],
			"rotation": {"angle": 0, "axis": "y", "origin": [-5, 8, 8]},
			"faces": {
				"north": {"uv": [4, 4, 5, 5], "texture": "#top"},
				"east": {"uv": [4, 5, 5, 4], "rotation": 180, "texture": "#top"},
				"south": {"uv": [4, 4, 5, 5], "texture": "#top"},
				"west": {"uv": [4, 4, 5, 5], "texture": "#top"},
				"up": {"uv": [5, 4, 4, 5], "rotation": 270, "texture": "#top"},
				"down": {"uv": [4, 4, 5, 5], "rotation": 270, "texture": "#top"}
			}
		},
		{
			"name": "warped_door_top_32",
			"from": [0, 13, 0],
			"to": [3, 14, 1],
			"rotation": {"angle": 0, "axis": "y", "origin": [-5, 8, 8]},
			"faces": {
				"north": {"uv": [0, 2, 1, 3], "texture": "#top"},
				"east": {"uv": [0, 3, 1, 2], "rotation": 180, "texture": "#top"},
				"south": {"uv": [0, 2, 1, 3], "texture": "#top"},
				"west": {"uv": [0, 2, 1, 3], "texture": "#top"},
				"up": {"uv": [1, 2, 0, 3], "rotation": 270, "texture": "#top"},
				"down": {"uv": [0, 2, 1, 3], "rotation": 270, "texture": "#top"}
			}
		},
		{
			"name": "warped_door_top_34",
			"from": [0, 13, 2],
			"to": [3, 14, 3],
			"rotation": {"angle": 0, "axis": "y", "origin": [-5, 8, 8]},
			"faces": {
				"north": {"uv": [2, 2, 3, 3], "texture": "#top"},
				"east": {"uv": [2, 3, 3, 2], "rotation": 180, "texture": "#top"},
				"south": {"uv": [2, 2, 3, 3], "texture": "#top"},
				"west": {"uv": [2, 2, 3, 3], "texture": "#top"},
				"up": {"uv": [3, 2, 2, 3], "rotation": 270, "texture": "#top"},
				"down": {"uv": [2, 2, 3, 3], "rotation": 270, "texture": "#top"}
			}
		},
		{
			"name": "warped_door_top_33",
			"from": [0, 13, 1],
			"to": [3, 14, 2],
			"rotation": {"angle": 0, "axis": "y", "origin": [-5, 8, 8]},
			"faces": {
				"north": {"uv": [1, 2, 2, 3], "texture": "#top"},
				"east": {"uv": [1, 3, 2, 2], "rotation": 180, "texture": "#top"},
				"south": {"uv": [1, 2, 2, 3], "texture": "#top"},
				"west": {"uv": [1, 2, 2, 3], "texture": "#top"},
				"up": {"uv": [2, 2, 1, 3], "rotation": 270, "texture": "#top"},
				"down": {"uv": [1, 2, 2, 3], "rotation": 270, "texture": "#top"}
			}
		},
		{
			"name": "warped_door_top_51",
			"from": [0, 12, 3],
			"to": [3, 13, 4],
			"rotation": {"angle": 0, "axis": "y", "origin": [-5, 8, 8]},
			"faces": {
				"north": {"uv": [3, 3, 4, 4], "texture": "#top"},
				"east": {"uv": [3, 4, 4, 3], "rotation": 180, "texture": "#top"},
				"south": {"uv": [3, 3, 4, 4], "texture": "#top"},
				"west": {"uv": [3, 3, 4, 4], "texture": "#top"},
				"up": {"uv": [4, 3, 3, 4], "rotation": 270, "texture": "#top"},
				"down": {"uv": [3, 3, 4, 4], "rotation": 270, "texture": "#top"}
			}
		},
		{
			"name": "warped_door_top_52",
			"from": [0, 12, 4],
			"to": [3, 13, 5],
			"rotation": {"angle": 0, "axis": "y", "origin": [-5, 8, 8]},
			"faces": {
				"north": {"uv": [4, 3, 5, 4], "texture": "#top"},
				"east": {"uv": [4, 4, 5, 3], "rotation": 180, "texture": "#top"},
				"south": {"uv": [4, 3, 5, 4], "texture": "#top"},
				"west": {"uv": [4, 3, 5, 4], "texture": "#top"},
				"up": {"uv": [5, 3, 4, 4], "rotation": 270, "texture": "#top"},
				"down": {"uv": [4, 3, 5, 4], "rotation": 270, "texture": "#top"}
			}
		},
		{
			"name": "warped_door_top_53",
			"from": [0, 12, 5],
			"to": [3, 13, 6],
			"rotation": {"angle": 0, "axis": "y", "origin": [-5, 8, 8]},
			"faces": {
				"north": {"uv": [5, 3, 6, 4], "texture": "#top"},
				"east": {"uv": [5, 4, 6, 3], "rotation": 180, "texture": "#top"},
				"south": {"uv": [5, 3, 6, 4], "texture": "#top"},
				"west": {"uv": [5, 3, 6, 4], "texture": "#top"},
				"up": {"uv": [6, 3, 5, 4], "rotation": 270, "texture": "#top"},
				"down": {"uv": [5, 3, 6, 4], "rotation": 270, "texture": "#top"}
			}
		},
		{
			"name": "warped_door_top_54",
			"from": [0, 12, 6],
			"to": [3, 13, 7],
			"rotation": {"angle": 0, "axis": "y", "origin": [-5, 8, 8]},
			"faces": {
				"north": {"uv": [6, 3, 7, 4], "texture": "#top"},
				"east": {"uv": [6, 4, 7, 3], "rotation": 180, "texture": "#top"},
				"south": {"uv": [6, 3, 7, 4], "texture": "#top"},
				"west": {"uv": [6, 3, 7, 4], "texture": "#top"},
				"up": {"uv": [7, 3, 6, 4], "rotation": 270, "texture": "#top"},
				"down": {"uv": [6, 3, 7, 4], "rotation": 270, "texture": "#top"}
			}
		},
		{
			"name": "warped_door_top_39",
			"from": [0, 13, 7],
			"to": [3, 14, 8],
			"rotation": {"angle": 0, "axis": "y", "origin": [-5, 8, 8]},
			"faces": {
				"north": {"uv": [7, 2, 8, 3], "texture": "#top"},
				"east": {"uv": [7, 3, 8, 2], "rotation": 180, "texture": "#top"},
				"south": {"uv": [7, 2, 8, 3], "texture": "#top"},
				"west": {"uv": [7, 2, 8, 3], "texture": "#top"},
				"up": {"uv": [8, 2, 7, 3], "rotation": 270, "texture": "#top"},
				"down": {"uv": [7, 2, 8, 3], "rotation": 270, "texture": "#top"}
			}
		},
		{
			"name": "warped_door_top_24",
			"from": [0, 14, 8],
			"to": [3, 15, 9],
			"rotation": {"angle": 0, "axis": "y", "origin": [-5, 8, 8]},
			"faces": {
				"north": {"uv": [8, 1, 9, 2], "texture": "#top"},
				"east": {"uv": [8, 2, 9, 1], "rotation": 180, "texture": "#top"},
				"south": {"uv": [8, 1, 9, 2], "texture": "#top"},
				"west": {"uv": [8, 1, 9, 2], "texture": "#top"},
				"up": {"uv": [9, 1, 8, 2], "rotation": 270, "texture": "#top"},
				"down": {"uv": [8, 1, 9, 2], "rotation": 270, "texture": "#top"}
			}
		},
		{
			"name": "warped_door_top_8",
			"from": [0, 15, 8],
			"to": [3, 16, 9],
			"rotation": {"angle": 0, "axis": "y", "origin": [-5, 8, 8]},
			"faces": {
				"north": {"uv": [8, 0, 9, 1], "texture": "#top"},
				"east": {"uv": [8, 1, 9, 0], "rotation": 180, "texture": "#top"},
				"south": {"uv": [8, 0, 9, 1], "texture": "#top"},
				"west": {"uv": [8, 0, 9, 1], "texture": "#top"},
				"up": {"uv": [9, 0, 8, 1], "rotation": 270, "texture": "#top"},
				"down": {"uv": [8, 0, 9, 1], "rotation": 270, "texture": "#top"}
			}
		},
		{
			"name": "warped_door_top_46",
			"from": [0, 13, 14],
			"to": [3, 14, 15],
			"rotation": {"angle": 0, "axis": "y", "origin": [-5, 8, 8]},
			"faces": {
				"north": {"uv": [14, 2, 15, 3], "texture": "#top"},
				"east": {"uv": [14, 3, 15, 2], "rotation": 180, "texture": "#top"},
				"south": {"uv": [14, 2, 15, 3], "texture": "#top"},
				"west": {"uv": [14, 2, 15, 3], "texture": "#top"},
				"up": {"uv": [15, 2, 14, 3], "rotation": 270, "texture": "#top"},
				"down": {"uv": [14, 2, 15, 3], "rotation": 270, "texture": "#top"}
			}
		},
		{
			"name": "warped_door_top_45",
			"from": [0, 13, 13],
			"to": [3, 14, 14],
			"rotation": {"angle": 0, "axis": "y", "origin": [-5, 8, 8]},
			"faces": {
				"north": {"uv": [13, 2, 14, 3], "texture": "#top"},
				"east": {"uv": [13, 3, 14, 2], "rotation": 180, "texture": "#top"},
				"south": {"uv": [13, 2, 14, 3], "texture": "#top"},
				"west": {"uv": [13, 2, 14, 3], "texture": "#top"},
				"up": {"uv": [14, 2, 13, 3], "rotation": 270, "texture": "#top"},
				"down": {"uv": [13, 2, 14, 3], "rotation": 270, "texture": "#top"}
			}
		},
		{
			"name": "warped_door_top_28",
			"from": [0, 14, 12],
			"to": [3, 15, 13],
			"rotation": {"angle": 0, "axis": "y", "origin": [-5, 8, 8]},
			"faces": {
				"north": {"uv": [12, 1, 13, 2], "texture": "#top"},
				"east": {"uv": [12, 2, 13, 1], "rotation": 180, "texture": "#top"},
				"south": {"uv": [12, 1, 13, 2], "texture": "#top"},
				"west": {"uv": [12, 1, 13, 2], "texture": "#top"},
				"up": {"uv": [13, 1, 12, 2], "rotation": 270, "texture": "#top"},
				"down": {"uv": [12, 1, 13, 2], "rotation": 270, "texture": "#top"}
			}
		},
		{
			"name": "warped_door_top_12",
			"from": [0, 15, 12],
			"to": [3, 16, 13],
			"rotation": {"angle": 0, "axis": "y", "origin": [-5, 8, 8]},
			"faces": {
				"north": {"uv": [12, 0, 13, 1], "texture": "#top"},
				"east": {"uv": [12, 1, 13, 0], "rotation": 180, "texture": "#top"},
				"south": {"uv": [12, 0, 13, 1], "texture": "#top"},
				"west": {"uv": [12, 0, 13, 1], "texture": "#top"},
				"up": {"uv": [13, 0, 12, 1], "rotation": 270, "texture": "#top"},
				"down": {"uv": [12, 0, 13, 1], "rotation": 270, "texture": "#top"}
			}
		},
		{
			"name": "warped_door_top_47",
			"from": [0, 13, 15],
			"to": [3, 14, 16],
			"rotation": {"angle": 0, "axis": "y", "origin": [-5, 8, 8]},
			"faces": {
				"north": {"uv": [15, 2, 16, 3], "texture": "#top"},
				"east": {"uv": [15, 3, 16, 2], "rotation": 180, "texture": "#top"},
				"south": {"uv": [15, 2, 16, 3], "texture": "#top"},
				"west": {"uv": [15, 2, 16, 3], "texture": "#top"},
				"up": {"uv": [16, 2, 15, 3], "rotation": 270, "texture": "#top"},
				"down": {"uv": [15, 2, 16, 3], "rotation": 270, "texture": "#top"}
			}
		}
	],
	"groups": [
		{
			"name": "door_top",
			"origin": [8, 8, 8],
			"children": [0, 1, 2, 3, 4, 5, 6, 7, 8, 9, 10, 11, 12, 13, 14, 15, 16, 17, 18, 19, 20, 21, 22, 23, 24, 25, 26, 27, 28, 29, 30, 31, 32, 33, 34, 35, 36, 37, 38, 39, 40, 41, 42, 43, 44, 45, 46, 47]
		}
	]
}