{
	"ambientocclusion": false,
	"textures": {
		"particle": "block/warped_door_bottom",
		"bottom": "block/warped_door_bottom"
	},
	"elements": [
		{
			"name": "inner",
			"from": [0.5, 0, 0],
			"to": [2.5, 16, 16],
			"rotation": {"angle": 0, "axis": "y", "origin": [8.5, 8, 8]},
			"faces": {
				"north": {"uv": [2, 0, 0, 16], "texture": "#bottom", "cullface": "north"},
				"east": {"uv": [16, 0, 0, 16], "texture": "#bottom"},
				"south": {"uv": [14, 0, 16, 16], "texture": "#bottom", "cullface": "south"},
				"west": {"uv": [0, 0, 16, 16], "texture": "#bottom", "cullface": "west"},
				"down": {"uv": [13, 0, 16, 16], "texture": "#bottom", "cullface": "down"}
			}
		},
		{
			"name": "warped_door_bottom_2",
			"from": [0, 15, 2],
			"to": [3, 16, 3],
			"rotation": {"angle": 0, "axis": "y", "origin": [0.5, 8, 8]},
			"faces": {
				"north": {"uv": [2, 0, 3, 1], "texture": "#bottom"},
				"east": {"uv": [2, 1, 3, 0], "rotation": 180, "texture": "#bottom"},
				"south": {"uv": [2, 0, 3, 1], "texture": "#bottom"},
				"west": {"uv": [2, 0, 3, 1], "texture": "#bottom"},
				"up": {"uv": [3, 0, 2, 1], "rotation": 270, "texture": "#bottom"},
				"down": {"uv": [2, 0, 3, 1], "rotation": 270, "texture": "#bottom"}
			}
		},
		{
			"name": "warped_door_bottom_3",
			"from": [0, 15, 3],
			"to": [3, 16, 4],
			"rotation": {"angle": 0, "axis": "y", "origin": [0.5, 8, 8]},
			"faces": {
				"north": {"uv": [3, 0, 4, 1], "texture": "#bottom"},
				"east": {"uv": [3, 1, 4, 0], "rotation": 180, "texture": "#bottom"},
				"south": {"uv": [3, 0, 4, 1], "texture": "#bottom"},
				"west": {"uv": [3, 0, 4, 1], "texture": "#bottom"},
				"up": {"uv": [4, 0, 3, 1], "rotation": 270, "texture": "#bottom"},
				"down": {"uv": [3, 0, 4, 1], "rotation": 270, "texture": "#bottom"}
			}
		},
		{
			"name": "warped_door_bottom_6",
			"from": [0, 15, 6],
			"to": [3, 16, 7],
			"rotation": {"angle": 0, "axis": "y", "origin": [0.5, 8, 8]},
			"faces": {
				"north": {"uv": [6, 0, 7, 1], "texture": "#bottom"},
				"east": {"uv": [6, 1, 7, 0], "rotation": 180, "texture": "#bottom"},
				"south": {"uv": [6, 0, 7, 1], "texture": "#bottom"},
				"west": {"uv": [6, 0, 7, 1], "texture": "#bottom"},
				"up": {"uv": [7, 0, 6, 1], "rotation": 270, "texture": "#bottom"},
				"down": {"uv": [6, 0, 7, 1], "rotation": 270, "texture": "#bottom"}
			}
		},
		{
			"name": "warped_door_bottom_16",
			"from": [0, 14, 0],
			"to": [3, 15, 1],
			"rotation": {"angle": 0, "axis": "y", "origin": [0.5, 8, 8]},
			"faces": {
				"north": {"uv": [0, 1, 1, 2], "texture": "#bottom"},
				"east": {"uv": [0, 2, 1, 1], "rotation": 180, "texture": "#bottom"},
				"south": {"uv": [0, 1, 1, 2], "texture": "#bottom"},
				"west": {"uv": [0, 1, 1, 2], "texture": "#bottom"},
				"up": {"uv": [1, 1, 0, 2], "rotation": 270, "texture": "#bottom"},
				"down": {"uv": [0, 1, 1, 2], "rotation": 270, "texture": "#bottom"}
			}
		},
		{
			"name": "warped_door_bottom_17",
			"from": [0, 14, 1],
			"to": [3, 15, 2],
			"rotation": {"angle": 0, "axis": "y", "origin": [0.5, 8, 8]},
			"faces": {
				"north": {"uv": [1, 1, 2, 2], "texture": "#bottom"},
				"east": {"uv": [1, 2, 2, 1], "rotation": 180, "texture": "#bottom"},
				"south": {"uv": [1, 1, 2, 2], "texture": "#bottom"},
				"west": {"uv": [1, 1, 2, 2], "texture": "#bottom"},
				"up": {"uv": [2, 1, 1, 2], "rotation": 270, "texture": "#bottom"},
				"down": {"uv": [1, 1, 2, 2], "rotation": 270, "texture": "#bottom"}
			}
		},
		{
			"name": "warped_door_bottom_20",
			"from": [0, 14, 4],
			"to": [3, 15, 5],
			"rotation": {"angle": 0, "axis": "y", "origin": [0.5, 8, 8]},
			"faces": {
				"north": {"uv": [4, 1, 5, 2], "texture": "#bottom"},
				"east": {"uv": [4, 2, 5, 1], "rotation": 180, "texture": "#bottom"},
				"south": {"uv": [4, 1, 5, 2], "texture": "#bottom"},
				"west": {"uv": [4, 1, 5, 2], "texture": "#bottom"},
				"up": {"uv": [5, 1, 4, 2], "rotation": 270, "texture": "#bottom"},
				"down": {"uv": [4, 1, 5, 2], "rotation": 270, "texture": "#bottom"}
			}
		},
		{
			"name": "warped_door_bottom_21",
			"from": [0, 14, 5],
			"to": [3, 15, 6],
			"rotation": {"angle": 0, "axis": "y", "origin": [0.5, 8, 8]},
			"faces": {
				"north": {"uv": [5, 1, 6, 2], "texture": "#bottom"},
				"east": {"uv": [5, 2, 6, 1], "rotation": 180, "texture": "#bottom"},
				"south": {"uv": [5, 1, 6, 2], "texture": "#bottom"},
				"west": {"uv": [5, 1, 6, 2], "texture": "#bottom"},
				"up": {"uv": [6, 1, 5, 2], "rotation": 270, "texture": "#bottom"},
				"down": {"uv": [5, 1, 6, 2], "rotation": 270, "texture": "#bottom"}
			}
		},
		{
			"name": "warped_door_bottom_32",
			"from": [0, 13, 0],
			"to": [3, 14, 1],
			"rotation": {"angle": 0, "axis": "y", "origin": [0.5, 8, 8]},
			"faces": {
				"north": {"uv": [0, 2, 1, 3], "texture": "#bottom"},
				"east": {"uv": [0, 3, 1, 2], "rotation": 180, "texture": "#bottom"},
				"south": {"uv": [0, 2, 1, 3], "texture": "#bottom"},
				"west": {"uv": [0, 2, 1, 3], "texture": "#bottom"},
				"up": {"uv": [1, 2, 0, 3], "rotation": 270, "texture": "#bottom"},
				"down": {"uv": [0, 2, 1, 3], "rotation": 270, "texture": "#bottom"}
			}
		},
		{
			"name": "warped_door_bottom_48",
			"from": [0, 12, 0],
			"to": [3, 13, 1],
			"rotation": {"angle": 0, "axis": "y", "origin": [0.5, 8, 8]},
			"faces": {
				"north": {"uv": [0, 3, 1, 4], "texture": "#bottom"},
				"east": {"uv": [0, 4, 1, 3], "rotation": 180, "texture": "#bottom"},
				"south": {"uv": [0, 3, 1, 4], "texture": "#bottom"},
				"west": {"uv": [0, 3, 1, 4], "texture": "#bottom"},
				"up": {"uv": [1, 3, 0, 4], "rotation": 270, "texture": "#bottom"},
				"down": {"uv": [0, 3, 1, 4], "rotation": 270, "texture": "#bottom"}
			}
		},
		{
			"name": "warped_door_bottom_64",
			"from": [0, 11, 0],
			"to": [3, 12, 1],
			"rotation": {"angle": 0, "axis": "y", "origin": [0.5, 8, 8]},
			"faces": {
				"north": {"uv": [0, 4, 1, 5], "texture": "#bottom"},
				"east": {"uv": [0, 5, 1, 4], "rotation": 180, "texture": "#bottom"},
				"south": {"uv": [0, 4, 1, 5], "texture": "#bottom"},
				"west": {"uv": [0, 4, 1, 5], "texture": "#bottom"},
				"up": {"uv": [1, 4, 0, 5], "rotation": 270, "texture": "#bottom"},
				"down": {"uv": [0, 4, 1, 5], "rotation": 270, "texture": "#bottom"}
			}
		},
		{
			"name": "warped_door_bottom_80",
			"from": [0, 10, 0],
			"to": [3, 11, 1],
			"rotation": {"angle": 0, "axis": "y", "origin": [0.5, 8, 8]},
			"faces": {
				"north": {"uv": [0, 5, 1, 6], "texture": "#bottom"},
				"east": {"uv": [0, 6, 1, 5], "rotation": 180, "texture": "#bottom"},
				"south": {"uv": [0, 5, 1, 6], "texture": "#bottom"},
				"west": {"uv": [0, 5, 1, 6], "texture": "#bottom"},
				"up": {"uv": [1, 5, 0, 6], "rotation": 270, "texture": "#bottom"},
				"down": {"uv": [0, 5, 1, 6], "rotation": 270, "texture": "#bottom"}
			}
		},
		{
			"name": "warped_door_bottom_92",
			"from": [0, 10, 12],
			"to": [3, 11, 13],
			"rotation": {"angle": 0, "axis": "y", "origin": [0.5, 8, 8]},
			"faces": {
				"north": {"uv": [12, 5, 13, 6], "texture": "#bottom"},
				"east": {"uv": [12, 6, 13, 5], "rotation": 180, "texture": "#bottom"},
				"south": {"uv": [12, 5, 13, 6], "texture": "#bottom"},
				"west": {"uv": [12, 5, 13, 6], "texture": "#bottom"},
				"up": {"uv": [13, 5, 12, 6], "rotation": 270, "texture": "#bottom"},
				"down": {"uv": [12, 5, 13, 6], "rotation": 270, "texture": "#bottom"}
			}
		},
		{
			"name": "warped_door_bottom_93",
			"from": [0, 10, 13],
			"to": [3, 11, 14],
			"rotation": {"angle": 0, "axis": "y", "origin": [0.5, 8, 8]},
			"faces": {
				"north": {"uv": [13, 5, 14, 6], "texture": "#bottom"},
				"east": {"uv": [13, 6, 14, 5], "rotation": 180, "texture": "#bottom"},
				"south": {"uv": [13, 5, 14, 6], "texture": "#bottom"},
				"west": {"uv": [13, 5, 14, 6], "texture": "#bottom"},
				"up": {"uv": [14, 5, 13, 6], "rotation": 270, "texture": "#bottom"},
				"down": {"uv": [13, 5, 14, 6], "rotation": 270, "texture": "#bottom"}
			}
		},
		{
			"name": "warped_door_bottom_96",
			"from": [0, 9, 0],
			"to": [3, 10, 1],
			"rotation": {"angle": 0, "axis": "y", "origin": [0.5, 8, 8]},
			"faces": {
				"north": {"uv": [0, 6, 1, 7], "texture": "#bottom"},
				"east": {"uv": [0, 7, 1, 6], "rotation": 180, "texture": "#bottom"},
				"south": {"uv": [0, 6, 1, 7], "texture": "#bottom"},
				"west": {"uv": [0, 6, 1, 7], "texture": "#bottom"},
				"up": {"uv": [1, 6, 0, 7], "rotation": 270, "texture": "#bottom"},
				"down": {"uv": [0, 6, 1, 7], "rotation": 270, "texture": "#bottom"}
			}
		},
		{
			"name": "warped_door_bottom_107",
			"from": [0, 9, 11],
			"to": [3, 10, 12],
			"rotation": {"angle": 0, "axis": "y", "origin": [0.5, 8, 8]},
			"faces": {
				"north": {"uv": [11, 6, 12, 7], "texture": "#bottom"},
				"east": {"uv": [11, 7, 12, 6], "rotation": 180, "texture": "#bottom"},
				"south": {"uv": [11, 6, 12, 7], "texture": "#bottom"},
				"west": {"uv": [11, 6, 12, 7], "texture": "#bottom"},
				"up": {"uv": [12, 6, 11, 7], "rotation": 270, "texture": "#bottom"},
				"down": {"uv": [11, 6, 12, 7], "rotation": 270, "texture": "#bottom"}
			}
		},
		{
			"name": "warped_door_bottom_110",
			"from": [0, 9, 14],
			"to": [3, 10, 15],
			"rotation": {"angle": 0, "axis": "y", "origin": [0.5, 8, 8]},
			"faces": {
				"north": {"uv": [14, 6, 15, 7], "texture": "#bottom"},
				"east": {"uv": [14, 7, 15, 6], "rotation": 180, "texture": "#bottom"},
				"south": {"uv": [14, 6, 15, 7], "texture": "#bottom"},
				"west": {"uv": [14, 6, 15, 7], "texture": "#bottom"},
				"up": {"uv": [15, 6, 14, 7], "rotation": 270, "texture": "#bottom"},
				"down": {"uv": [14, 6, 15, 7], "rotation": 270, "texture": "#bottom"}
			}
		},
		{
			"name": "warped_door_bottom_111",
			"from": [0, 9, 15],
			"to": [3, 10, 16],
			"rotation": {"angle": 0, "axis": "y", "origin": [0.5, 8, 8]},
			"faces": {
				"north": {"uv": [15, 6, 16, 7], "texture": "#bottom"},
				"east": {"uv": [15, 7, 16, 6], "rotation": 180, "texture": "#bottom"},
				"south": {"uv": [15, 6, 16, 7], "texture": "#bottom"},
				"west": {"uv": [15, 6, 16, 7], "texture": "#bottom"},
				"up": {"uv": [16, 6, 15, 7], "rotation": 270, "texture": "#bottom"},
				"down": {"uv": [15, 6, 16, 7], "rotation": 270, "texture": "#bottom"}
			}
		},
		{
			"name": "warped_door_bottom_112",
			"from": [0, 8, 0],
			"to": [3, 9, 1],
			"rotation": {"angle": 0, "axis": "y", "origin": [0.5, 8, 8]},
			"faces": {
				"north": {"uv": [0, 7, 1, 8], "texture": "#bottom"},
				"east": {"uv": [0, 8, 1, 7], "rotation": 180, "texture": "#bottom"},
				"south": {"uv": [0, 7, 1, 8], "texture": "#bottom"},
				"west": {"uv": [0, 7, 1, 8], "texture": "#bottom"},
				"up": {"uv": [1, 7, 0, 8], "rotation": 270, "texture": "#bottom"},
				"down": {"uv": [0, 7, 1, 8], "rotation": 270, "texture": "#bottom"}
			}
		},
		{
			"name": "warped_door_bottom_114",
			"from": [0, 8, 2],
			"to": [3, 9, 3],
			"rotation": {"angle": 0, "axis": "y", "origin": [0.5, 8, 8]},
			"faces": {
				"north": {"uv": [2, 7, 3, 8], "texture": "#bottom"},
				"east": {"uv": [2, 8, 3, 7], "rotation": 180, "texture": "#bottom"},
				"south": {"uv": [2, 7, 3, 8], "texture": "#bottom"},
				"west": {"uv": [2, 7, 3, 8], "texture": "#bottom"},
				"up": {"uv": [3, 7, 2, 8], "rotation": 270, "texture": "#bottom"},
				"down": {"uv": [2, 7, 3, 8], "rotation": 270, "texture": "#bottom"}
			}
		},
		{
			"name": "warped_door_bottom_115",
			"from": [0, 8, 3],
			"to": [3, 9, 4],
			"rotation": {"angle": 0, "axis": "y", "origin": [0.5, 8, 8]},
			"faces": {
				"north": {"uv": [3, 7, 4, 8], "texture": "#bottom"},
				"east": {"uv": [3, 8, 4, 7], "rotation": 180, "texture": "#bottom"},
				"south": {"uv": [3, 7, 4, 8], "texture": "#bottom"},
				"west": {"uv": [3, 7, 4, 8], "texture": "#bottom"},
				"up": {"uv": [4, 7, 3, 8], "rotation": 270, "texture": "#bottom"},
				"down": {"uv": [3, 7, 4, 8], "rotation": 270, "texture": "#bottom"}
			}
		},
		{
			"name": "warped_door_bottom_122",
			"from": [0, 8, 10],
			"to": [3, 9, 11],
			"rotation": {"angle": 0, "axis": "y", "origin": [0.5, 8, 8]},
			"faces": {
				"north": {"uv": [10, 7, 11, 8], "texture": "#bottom"},
				"east": {"uv": [10, 8, 11, 7], "rotation": 180, "texture": "#bottom"},
				"south": {"uv": [10, 7, 11, 8], "texture": "#bottom"},
				"west": {"uv": [10, 7, 11, 8], "texture": "#bottom"},
				"up": {"uv": [11, 7, 10, 8], "rotation": 270, "texture": "#bottom"},
				"down": {"uv": [10, 7, 11, 8], "rotation": 270, "texture": "#bottom"}
			}
		},
		{
			"name": "warped_door_bottom_128",
			"from": [0, 7, 0],
			"to": [3, 8, 1],
			"rotation": {"angle": 0, "axis": "y", "origin": [0.5, 8, 8]},
			"faces": {
				"north": {"uv": [0, 8, 1, 9], "texture": "#bottom"},
				"east": {"uv": [0, 9, 1, 8], "rotation": 180, "texture": "#bottom"},
				"south": {"uv": [0, 8, 1, 9], "texture": "#bottom"},
				"west": {"uv": [0, 8, 1, 9], "texture": "#bottom"},
				"up": {"uv": [1, 8, 0, 9], "rotation": 270, "texture": "#bottom"},
				"down": {"uv": [0, 8, 1, 9], "rotation": 270, "texture": "#bottom"}
			}
		},
		{
			"name": "warped_door_bottom_129",
			"from": [0, 7, 1],
			"to": [3, 8, 2],
			"rotation": {"angle": 0, "axis": "y", "origin": [0.5, 8, 8]},
			"faces": {
				"north": {"uv": [1, 8, 2, 9], "texture": "#bottom"},
				"east": {"uv": [1, 9, 2, 8], "rotation": 180, "texture": "#bottom"},
				"south": {"uv": [1, 8, 2, 9], "texture": "#bottom"},
				"west": {"uv": [1, 8, 2, 9], "texture": "#bottom"},
				"up": {"uv": [2, 8, 1, 9], "rotation": 270, "texture": "#bottom"},
				"down": {"uv": [1, 8, 2, 9], "rotation": 270, "texture": "#bottom"}
			}
		},
		{
			"name": "warped_door_bottom_132",
			"from": [0, 7, 4],
			"to": [3, 8, 5],
			"rotation": {"angle": 0, "axis": "y", "origin": [0.5, 8, 8]},
			"faces": {
				"north": {"uv": [4, 8, 5, 9], "texture": "#bottom"},
				"east": {"uv": [4, 9, 5, 8], "rotation": 180, "texture": "#bottom"},
				"south": {"uv": [4, 8, 5, 9], "texture": "#bottom"},
				"west": {"uv": [4, 8, 5, 9], "texture": "#bottom"},
				"up": {"uv": [5, 8, 4, 9], "rotation": 270, "texture": "#bottom"},
				"down": {"uv": [4, 8, 5, 9], "rotation": 270, "texture": "#bottom"}
			}
		},
		{
			"name": "warped_door_bottom_138",
			"from": [0, 7, 10],
			"to": [3, 8, 11],
			"rotation": {"angle": 0, "axis": "y", "origin": [0.5, 8, 8]},
			"faces": {
				"north": {"uv": [10, 8, 11, 9], "texture": "#bottom"},
				"east": {"uv": [10, 9, 11, 8], "rotation": 180, "texture": "#bottom"},
				"south": {"uv": [10, 8, 11, 9], "texture": "#bottom"},
				"west": {"uv": [10, 8, 11, 9], "texture": "#bottom"},
				"up": {"uv": [11, 8, 10, 9], "rotation": 270, "texture": "#bottom"},
				"down": {"uv": [10, 8, 11, 9], "rotation": 270, "texture": "#bottom"}
			}
		},
		{
			"name": "warped_door_bottom_144",
			"from": [0, 6, 0],
			"to": [3, 7, 1],
			"rotation": {"angle": 0, "axis": "y", "origin": [0.5, 8, 8]},
			"faces": {
				"north": {"uv": [0, 9, 1, 10], "texture": "#bottom"},
				"east": {"uv": [0, 10, 1, 9], "rotation": 180, "texture": "#bottom"},
				"south": {"uv": [0, 9, 1, 10], "texture": "#bottom"},
				"west": {"uv": [0, 9, 1, 10], "texture": "#bottom"},
				"up": {"uv": [1, 9, 0, 10], "rotation": 270, "texture": "#bottom"},
				"down": {"uv": [0, 9, 1, 10], "rotation": 270, "texture": "#bottom"}
			}
		},
		{
			"name": "warped_door_bottom_148",
			"from": [0, 6, 4],
			"to": [3, 7, 5],
			"rotation": {"angle": 0, "axis": "y", "origin": [0.5, 8, 8]},
			"faces": {
				"north": {"uv": [4, 9, 5, 10], "texture": "#bottom"},
				"east": {"uv": [4, 10, 5, 9], "rotation": 180, "texture": "#bottom"},
				"south": {"uv": [4, 9, 5, 10], "texture": "#bottom"},
				"west": {"uv": [4, 9, 5, 10], "texture": "#bottom"},
				"up": {"uv": [5, 9, 4, 10], "rotation": 270, "texture": "#bottom"},
				"down": {"uv": [4, 9, 5, 10], "rotation": 270, "texture": "#bottom"}
			}
		},
		{
			"name": "warped_door_bottom_154",
			"from": [0, 6, 10],
			"to": [3, 7, 11],
			"rotation": {"angle": 0, "axis": "y", "origin": [0.5, 8, 8]},
			"faces": {
				"north": {"uv": [10, 9, 11, 10], "texture": "#bottom"},
				"east": {"uv": [10, 10, 11, 9], "rotation": 180, "texture": "#bottom"},
				"south": {"uv": [10, 9, 11, 10], "texture": "#bottom"},
				"west": {"uv": [10, 9, 11, 10], "texture": "#bottom"},
				"up": {"uv": [11, 9, 10, 10], "rotation": 270, "texture": "#bottom"},
				"down": {"uv": [10, 9, 11, 10], "rotation": 270, "texture": "#bottom"}
			}
		},
		{
			"name": "warped_door_bottom_165",
			"from": [0, 5, 5],
			"to": [3, 6, 6],
			"rotation": {"angle": 0, "axis": "y", "origin": [0.5, 8, 8]},
			"faces": {
				"north": {"uv": [5, 10, 6, 11], "texture": "#bottom"},
				"east": {"uv": [5, 11, 6, 10], "rotation": 180, "texture": "#bottom"},
				"south": {"uv": [5, 10, 6, 11], "texture": "#bottom"},
				"west": {"uv": [5, 10, 6, 11], "texture": "#bottom"},
				"up": {"uv": [6, 10, 5, 11], "rotation": 270, "texture": "#bottom"},
				"down": {"uv": [5, 10, 6, 11], "rotation": 270, "texture": "#bottom"}
			}
		},
		{
			"name": "warped_door_bottom_166",
			"from": [0, 5, 6],
			"to": [3, 6, 7],
			"rotation": {"angle": 0, "axis": "y", "origin": [0.5, 8, 8]},
			"faces": {
				"north": {"uv": [6, 10, 7, 11], "texture": "#bottom"},
				"east": {"uv": [6, 11, 7, 10], "rotation": 180, "texture": "#bottom"},
				"south": {"uv": [6, 10, 7, 11], "texture": "#bottom"},
				"west": {"uv": [6, 10, 7, 11], "texture": "#bottom"},
				"up": {"uv": [7, 10, 6, 11], "rotation": 270, "texture": "#bottom"},
				"down": {"uv": [6, 10, 7, 11], "rotation": 270, "texture": "#bottom"}
			}
		},
		{
			"name": "warped_door_bottom_169",
			"from": [0, 5, 9],
			"to": [3, 6, 10],
			"rotation": {"angle": 0, "axis": "y", "origin": [0.5, 8, 8]},
			"faces": {
				"north": {"uv": [9, 10, 10, 11], "texture": "#bottom"},
				"east": {"uv": [9, 11, 10, 10], "rotation": 180, "texture": "#bottom"},
				"south": {"uv": [9, 10, 10, 11], "texture": "#bottom"},
				"west": {"uv": [9, 10, 10, 11], "texture": "#bottom"},
				"up": {"uv": [10, 10, 9, 11], "rotation": 270, "texture": "#bottom"},
				"down": {"uv": [9, 10, 10, 11], "rotation": 270, "texture": "#bottom"}
			}
		},
		{
			"name": "warped_door_bottom_173",
			"from": [0, 5, 13],
			"to": [3, 6, 14],
			"rotation": {"angle": 0, "axis": "y", "origin": [0.5, 8, 8]},
			"faces": {
				"north": {"uv": [13, 10, 14, 11], "texture": "#bottom"},
				"east": {"uv": [13, 11, 14, 10], "rotation": 180, "texture": "#bottom"},
				"south": {"uv": [13, 10, 14, 11], "texture": "#bottom"},
				"west": {"uv": [13, 10, 14, 11], "texture": "#bottom"},
				"up": {"uv": [14, 10, 13, 11], "rotation": 270, "texture": "#bottom"},
				"down": {"uv": [13, 10, 14, 11], "rotation": 270, "texture": "#bottom"}
			}
		},
		{
			"name": "warped_door_bottom_174",
			"from": [0, 5, 14],
			"to": [3, 6, 15],
			"rotation": {"angle": 0, "axis": "y", "origin": [0.5, 8, 8]},
			"faces": {
				"north": {"uv": [14, 10, 15, 11], "texture": "#bottom"},
				"east": {"uv": [14, 11, 15, 10], "rotation": 180, "texture": "#bottom"},
				"south": {"uv": [14, 10, 15, 11], "texture": "#bottom"},
				"west": {"uv": [14, 10, 15, 11], "texture": "#bottom"},
				"up": {"uv": [15, 10, 14, 11], "rotation": 270, "texture": "#bottom"},
				"down": {"uv": [14, 10, 15, 11], "rotation": 270, "texture": "#bottom"}
			}
		},
		{
			"name": "warped_door_bottom_183",
			"from": [0, 4, 7],
			"to": [3, 5, 8],
			"rotation": {"angle": 0, "axis": "y", "origin": [0.5, 8, 8]},
			"faces": {
				"north": {"uv": [7, 11, 8, 12], "texture": "#bottom"},
				"east": {"uv": [7, 12, 8, 11], "rotation": 180, "texture": "#bottom"},
				"south": {"uv": [7, 11, 8, 12], "texture": "#bottom"},
				"west": {"uv": [7, 11, 8, 12], "texture": "#bottom"},
				"up": {"uv": [8, 11, 7, 12], "rotation": 270, "texture": "#bottom"},
				"down": {"uv": [7, 11, 8, 12], "rotation": 270, "texture": "#bottom"}
			}
		},
		{
			"name": "warped_door_bottom_184",
			"from": [0, 4, 8],
			"to": [3, 5, 9],
			"rotation": {"angle": 0, "axis": "y", "origin": [0.5, 8, 8]},
			"faces": {
				"north": {"uv": [8, 11, 9, 12], "texture": "#bottom"},
				"east": {"uv": [8, 12, 9, 11], "rotation": 180, "texture": "#bottom"},
				"south": {"uv": [8, 11, 9, 12], "texture": "#bottom"},
				"west": {"uv": [8, 11, 9, 12], "texture": "#bottom"},
				"up": {"uv": [9, 11, 8, 12], "rotation": 270, "texture": "#bottom"},
				"down": {"uv": [8, 11, 9, 12], "rotation": 270, "texture": "#bottom"}
			}
		},
		{
			"name": "warped_door_bottom_188",
			"from": [0, 4, 12],
			"to": [3, 5, 13],
			"rotation": {"angle": 0, "axis": "y", "origin": [0.5, 8, 8]},
			"faces": {
				"north": {"uv": [12, 11, 13, 12], "texture": "#bottom"},
				"east": {"uv": [12, 12, 13, 11], "rotation": 180, "texture": "#bottom"},
				"south": {"uv": [12, 11, 13, 12], "texture": "#bottom"},
				"west": {"uv": [12, 11, 13, 12], "texture": "#bottom"},
				"up": {"uv": [13, 11, 12, 12], "rotation": 270, "texture": "#bottom"},
				"down": {"uv": [12, 11, 13, 12], "rotation": 270, "texture": "#bottom"}
			}
		},
		{
			"name": "warped_door_bottom_191",
			"from": [0, 4, 15],
			"to": [3, 5, 16],
			"rotation": {"angle": 0, "axis": "y", "origin": [0.5, 8, 8]},
			"faces": {
				"north": {"uv": [15, 11, 16, 12], "texture": "#bottom"},
				"east": {"uv": [15, 12, 16, 11], "rotation": 180, "texture": "#bottom"},
				"south": {"uv": [15, 11, 16, 12], "texture": "#bottom"},
				"west": {"uv": [15, 11, 16, 12], "texture": "#bottom"},
				"up": {"uv": [16, 11, 15, 12], "rotation": 270, "texture": "#bottom"},
				"down": {"uv": [15, 11, 16, 12], "rotation": 270, "texture": "#bottom"}
			}
		},
		{
			"name": "warped_door_bottom_192",
			"from": [0, 3, 0],
			"to": [3, 4, 1],
			"rotation": {"angle": 0, "axis": "y", "origin": [0.5, 8, 8]},
			"faces": {
				"north": {"uv": [0, 12, 1, 13], "texture": "#bottom"},
				"east": {"uv": [0, 13, 1, 12], "rotation": 180, "texture": "#bottom"},
				"south": {"uv": [0, 12, 1, 13], "texture": "#bottom"},
				"west": {"uv": [0, 12, 1, 13], "texture": "#bottom"},
				"up": {"uv": [1, 12, 0, 13], "rotation": 270, "texture": "#bottom"},
				"down": {"uv": [0, 12, 1, 13], "rotation": 270, "texture": "#bottom"}
			}
		},
		{
			"name": "warped_door_bottom_204",
			"from": [0, 3, 12],
			"to": [3, 4, 13],
			"rotation": {"angle": 0, "axis": "y", "origin": [0.5, 8, 8]},
			"faces": {
				"north": {"uv": [12, 12, 13, 13], "texture": "#bottom"},
				"east": {"uv": [12, 13, 13, 12], "rotation": 180, "texture": "#bottom"},
				"south": {"uv": [12, 12, 13, 13], "texture": "#bottom"},
				"west": {"uv": [12, 12, 13, 13], "texture": "#bottom"},
				"up": {"uv": [13, 12, 12, 13], "rotation": 270, "texture": "#bottom"},
				"down": {"uv": [12, 12, 13, 13], "rotation": 270, "texture": "#bottom"}
			}
		},
		{
			"name": "warped_door_bottom_208",
			"from": [0, 2, 0],
			"to": [3, 3, 1],
			"rotation": {"angle": 0, "axis": "y", "origin": [0.5, 8, 8]},
			"faces": {
				"north": {"uv": [0, 13, 1, 14], "texture": "#bottom"},
				"east": {"uv": [0, 14, 1, 13], "rotation": 180, "texture": "#bottom"},
				"south": {"uv": [0, 13, 1, 14], "texture": "#bottom"},
				"west": {"uv": [0, 13, 1, 14], "texture": "#bottom"},
				"up": {"uv": [1, 13, 0, 14], "rotation": 270, "texture": "#bottom"},
				"down": {"uv": [0, 13, 1, 14], "rotation": 270, "texture": "#bottom"}
			}
		},
		{
			"name": "warped_door_bottom_218",
			"from": [0, 2, 10],
			"to": [3, 3, 11],
			"rotation": {"angle": 0, "axis": "y", "origin": [0.5, 8, 8]},
			"faces": {
				"north": {"uv": [10, 13, 11, 14], "texture": "#bottom"},
				"east": {"uv": [10, 14, 11, 13], "rotation": 180, "texture": "#bottom"},
				"south": {"uv": [10, 13, 11, 14], "texture": "#bottom"},
				"west": {"uv": [10, 13, 11, 14], "texture": "#bottom"},
				"up": {"uv": [11, 13, 10, 14], "rotation": 270, "texture": "#bottom"},
				"down": {"uv": [10, 13, 11, 14], "rotation": 270, "texture": "#bottom"}
			}
		},
		{
			"name": "warped_door_bottom_219",
			"from": [0, 2, 11],
			"to": [3, 3, 12],
			"rotation": {"angle": 0, "axis": "y", "origin": [0.5, 8, 8]},
			"faces": {
				"north": {"uv": [11, 13, 12, 14], "texture": "#bottom"},
				"east": {"uv": [11, 14, 12, 13], "rotation": 180, "texture": "#bottom"},
				"south": {"uv": [11, 13, 12, 14], "texture": "#bottom"},
				"west": {"uv": [11, 13, 12, 14], "texture": "#bottom"},
				"up": {"uv": [12, 13, 11, 14], "rotation": 270, "texture": "#bottom"},
				"down": {"uv": [11, 13, 12, 14], "rotation": 270, "texture": "#bottom"}
			}
		},
		{
			"name": "warped_door_bottom_224",
			"from": [0, 1, 0],
			"to": [3, 2, 1],
			"rotation": {"angle": 0, "axis": "y", "origin": [0.5, 8, 8]},
			"faces": {
				"north": {"uv": [0, 14, 1, 15], "texture": "#bottom"},
				"east": {"uv": [0, 15, 1, 14], "rotation": 180, "texture": "#bottom"},
				"south": {"uv": [0, 14, 1, 15], "texture": "#bottom"},
				"west": {"uv": [0, 14, 1, 15], "texture": "#bottom"},
				"up": {"uv": [1, 14, 0, 15], "rotation": 270, "texture": "#bottom"},
				"down": {"uv": [0, 14, 1, 15], "rotation": 270, "texture": "#bottom"}
			}
		},
		{
			"name": "warped_door_bottom_233",
			"from": [0, 1, 9],
			"to": [3, 2, 10],
			"rotation": {"angle": 0, "axis": "y", "origin": [0.5, 8, 8]},
			"faces": {
				"north": {"uv": [9, 14, 10, 15], "texture": "#bottom"},
				"east": {"uv": [9, 15, 10, 14], "rotation": 180, "texture": "#bottom"},
				"south": {"uv": [9, 14, 10, 15], "texture": "#bottom"},
				"west": {"uv": [9, 14, 10, 15], "texture": "#bottom"},
				"up": {"uv": [10, 14, 9, 15], "rotation": 270, "texture": "#bottom"},
				"down": {"uv": [9, 14, 10, 15], "rotation": 270, "texture": "#bottom"}
			}
		}
	],
	"groups": [
		{
			"name": "door_bottom",
			"origin": [8, 8, 8],
			"children": [0]
		},
		{
			"name": "vine",
			"origin": [8, 8, 8],
			"children": [1, 2, 3, 4, 5, 6, 7, 8, 9, 10, 11, 12, 13, 14, 15, 16, 17, 18, 19, 20, 21, 22, 23, 24, 25, 26, 27, 28, 29, 30, 31, 32, 33, 34, 35, 36, 37, 38, 39, 40, 41, 42, 43, 44]
		}
	]
}