{
	"ambientocclusion": false,
	"textures": {
		"0": "block/spruce_door_top"
	},
	"elements": [
		{
			"name": "inner",
			"from": [1, 0, 0],
			"to": [2, 16, 16],
			"faces": {
				"north": {"uv": [3, 0, 0, 16], "texture": "#0", "cullface": "north"},
				"east": {"uv": [16, 0, 0, 16], "texture": "#0"},
				"south": {"uv": [12, 0, 13, 16], "texture": "#0", "cullface": "south"},
				"west": {"uv": [0, 0, 16, 16], "texture": "#0", "cullface": "west"},
				"up": {"uv": [2, 7, 3, 15], "texture": "#0", "cullface": "up"}
			}
		},
		{
			"name": "log1",
			"from": [0.5, 0, 0],
			"to": [2.5, 16, 3],
			"rotation": {"angle": 0, "axis": "y", "origin": [7.5, 8, 8]},
			"faces": {
				"north": {"uv": [2, 0, 0, 16], "texture": "#0", "cullface": "north"},
				"east": {"uv": [3, 0, 0, 16], "texture": "#0"},
				"south": {"uv": [0, 0, 3, 16], "texture": "#0", "cullface": "south"},
				"west": {"uv": [0, 0, 3, 16], "texture": "#0", "cullface": "west"},
				"up": {"uv": [10, 7, 12, 11], "rotation": 90, "texture": "#0", "cullface": "up"}
			}
		},
		{
			"name": "log5",
			"from": [0.5, 0, 13],
			"to": [2.5, 16, 15],
			"rotation": {"angle": 0, "axis": "y", "origin": [8.5, 8, 20]},
			"faces": {
				"north": {"uv": [3, 0, 0, 16], "texture": "#0", "cullface": "north"},
				"east": {"uv": [6, 0, 4, 16], "texture": "#0"},
				"south": {"uv": [0, 0, 3, 16], "texture": "#0", "cullface": "south"},
				"west": {"uv": [4, 0, 6, 16], "texture": "#0", "cullface": "west"},
				"up": {"uv": [10, 7, 12, 11], "rotation": 90, "texture": "#0", "cullface": "up"}
			}
		},
		{
			"name": "log6",
			"from": [0.5, 0, 10],
			"to": [2.5, 16, 12],
			"rotation": {"angle": 0, "axis": "y", "origin": [8.5, 8, 17]},
			"faces": {
				"north": {"uv": [3, 0, 0, 16], "texture": "#0", "cullface": "north"},
				"east": {"uv": [6, 0, 4, 16], "texture": "#0"},
				"south": {"uv": [0, 0, 3, 16], "texture": "#0", "cullface": "south"},
				"west": {"uv": [4, 0, 6, 16], "texture": "#0", "cullface": "west"},
				"up": {"uv": [10, 7, 12, 11], "rotation": 90, "texture": "#0", "cullface": "up"}
			}
		},
		{
			"name": "log7",
			"from": [0.5, 0, 7],
			"to": [2.5, 16, 9],
			"rotation": {"angle": 0, "axis": "y", "origin": [8.5, 8, 14]},
			"faces": {
				"north": {"uv": [3, 0, 0, 16], "texture": "#0", "cullface": "north"},
				"east": {"uv": [6, 0, 4, 16], "texture": "#0"},
				"south": {"uv": [0, 0, 3, 16], "texture": "#0", "cullface": "south"},
				"west": {"uv": [4, 0, 6, 16], "texture": "#0", "cullface": "west"},
				"up": {"uv": [10, 7, 12, 11], "rotation": 90, "texture": "#0", "cullface": "up"}
			}
		},
		{
			"name": "log8",
			"from": [0.5, 0, 4],
			"to": [2.5, 16, 6],
			"rotation": {"angle": 0, "axis": "y", "origin": [8.5, 8, 11]},
			"faces": {
				"north": {"uv": [3, 0, 0, 16], "texture": "#0", "cullface": "north"},
				"east": {"uv": [6, 0, 4, 16], "texture": "#0"},
				"south": {"uv": [0, 0, 3, 16], "texture": "#0", "cullface": "south"},
				"west": {"uv": [4, 0, 6, 16], "texture": "#0", "cullface": "west"},
				"up": {"uv": [10, 7, 12, 11], "rotation": 90, "texture": "#0", "cullface": "up"}
			}
		}
	],
	"groups": [
		{
			"name": "door_top",
			"origin": [8, 8, 8],
			"children": [0, 1, 2, 3, 4, 5]
		}
	]
}