{
	"ambientocclusion": false,
	"textures": {
		"particle": "block/spruce_door_bottom",
		"bottom": "block/spruce_door_bottom"
	},
	"elements": [
		{
			"name": "inner",
			"from": [0.82, 0, 0],
			"to": [1.82, 16, 16],
			"rotation": {"angle": 0, "axis": "y", "origin": [1.41, 10.4, 6.45]},
			"faces": {
				"north": {"uv": [15, 0, 16, 16], "texture": "#bottom", "cullface": "south"},
				"east": {"uv": [0, 0, 16, 16], "texture": "#bottom", "cullface": "west"},
				"south": {"uv": [3, 0, 0, 16], "texture": "#bottom", "cullface": "north"},
				"west": {"uv": [16, 0, 0, 16], "texture": "#bottom"},
				"down": {"uv": [13, 0, 16, 16], "rotation": 180, "texture": "#bottom", "cullface": "down"}
			}
		},
		{
			"name": "log1",
			"from": [0.42, 0, 13],
			"to": [2.42, 16, 16],
			"rotation": {"angle": 0, "axis": "y", "origin": [1.41, 10.4, 6.45]},
			"faces": {
				"north": {"uv": [0, 0, 3, 16], "texture": "#bottom", "cullface": "south"},
				"east": {"uv": [0, 0, 3, 16], "texture": "#bottom", "cullface": "west"},
				"south": {"uv": [0, 0, 3, 16], "texture": "#bottom", "cullface": "north"},
				"west": {"uv": [3, 0, 0, 16], "texture": "#bottom"},
				"down": {"uv": [13, 0, 16, 16], "rotation": 180, "texture": "#bottom", "cullface": "down"}
			}
		},
		{
			"name": "log2",
			"from": [0.42, 0, 10],
			"to": [2.42, 16, 12],
			"rotation": {"angle": 0, "axis": "y", "origin": [1.41, 10.4, 6.45]},
			"faces": {
				"north": {"uv": [4, 0, 6, 16], "texture": "#bottom", "cullface": "south"},
				"east": {"uv": [4, 0, 6, 16], "texture": "#bottom", "cullface": "west"},
				"south": {"uv": [0, 0, 3, 16], "texture": "#bottom", "cullface": "north"},
				"west": {"uv": [6, 0, 4, 16], "texture": "#bottom"},
				"down": {"uv": [13, 0, 16, 16], "rotation": 180, "texture": "#bottom", "cullface": "down"}
			}
		},
		{
			"name": "log3",
			"from": [0.42, 0, 7],
			"to": [2.42, 16, 9],
			"rotation": {"angle": 0, "axis": "y", "origin": [1.41, 10.4, 6.45]},
			"faces": {
				"north": {"uv": [4, 0, 6, 16], "texture": "#bottom", "cullface": "south"},
				"east": {"uv": [4, 0, 6, 16], "texture": "#bottom", "cullface": "west"},
				"south": {"uv": [0, 0, 3, 16], "texture": "#bottom", "cullface": "north"},
				"west": {"uv": [6, 0, 4, 16], "texture": "#bottom"},
				"down": {"uv": [13, 0, 16, 16], "rotation": 180, "texture": "#bottom", "cullface": "down"}
			}
		},
		{
			"name": "log4",
			"from": [0.42, 0, 4],
			"to": [2.42, 16, 6],
			"rotation": {"angle": 0, "axis": "y", "origin": [1.41, 10.4, 6.45]},
			"faces": {
				"north": {"uv": [4, 0, 6, 16], "texture": "#bottom", "cullface": "south"},
				"east": {"uv": [4, 0, 6, 16], "texture": "#bottom", "cullface": "west"},
				"south": {"uv": [0, 0, 3, 16], "texture": "#bottom", "cullface": "north"},
				"west": {"uv": [6, 0, 4, 16], "texture": "#bottom"},
				"down": {"uv": [13, 0, 16, 16], "rotation": 180, "texture": "#bottom", "cullface": "down"}
			}
		},
		{
			"name": "log5",
			"from": [0.42, 0, 1],
			"to": [2.42, 16, 3],
			"rotation": {"angle": 0, "axis": "y", "origin": [1.41, 10.4, 6.45]},
			"faces": {
				"north": {"uv": [4, 0, 6, 16], "texture": "#bottom", "cullface": "south"},
				"east": {"uv": [4, 0, 6, 16], "texture": "#bottom", "cullface": "west"},
				"south": {"uv": [0, 0, 3, 16], "texture": "#bottom", "cullface": "north"},
				"west": {"uv": [6, 0, 4, 16], "texture": "#bottom"},
				"down": {"uv": [13, 0, 16, 16], "rotation": 180, "texture": "#bottom", "cullface": "down"}
			}
		},
		{
			"name": "ring1",
			"from": [-0.08, 13, 5],
			"to": [2.92, 15, 6],
			"rotation": {"angle": 0, "axis": "y", "origin": [1.41, 10.4, 6.45]},
			"faces": {
				"north": {"uv": [11, 0, 13, 1], "texture": "#bottom", "cullface": "west"},
				"east": {"uv": [11, 0, 13, 1], "rotation": 90, "texture": "#bottom", "cullface": "west"},
				"south": {"uv": [11, 0, 13, 1], "texture": "#bottom", "cullface": "north"},
				"west": {"uv": [11, 0, 13, 1], "rotation": 90, "texture": "#bottom", "cullface": "west"},
				"up": {"uv": [11, 0, 12, 1], "rotation": 180, "texture": "#bottom"},
				"down": {"uv": [11, 0, 13, 1], "rotation": 270, "texture": "#bottom", "cullface": "west"}
			}
		},
		{
			"name": "ring2",
			"from": [-0.08, 15, 3],
			"to": [2.92, 16, 5],
			"rotation": {"angle": 0, "axis": "y", "origin": [1.41, 10.4, 6.45]},
			"faces": {
				"north": {"uv": [11, 0, 13, 1], "rotation": 90, "texture": "#bottom", "cullface": "west"},
				"east": {"uv": [11, 0, 13, 1], "texture": "#bottom", "cullface": "west"},
				"south": {"uv": [11, 0, 12, 1], "rotation": 180, "texture": "#bottom"},
				"west": {"uv": [11, 0, 13, 1], "rotation": 180, "texture": "#bottom", "cullface": "west"},
				"up": {"uv": [11, 0, 13, 1], "rotation": 180, "texture": "#bottom", "cullface": "west"},
				"down": {"uv": [11, 0, 13, 1], "texture": "#bottom", "cullface": "north"}
			}
		},
		{
			"name": "ring3",
			"from": [-0.08, 13, 2],
			"to": [2.92, 15, 3],
			"rotation": {"angle": 0, "axis": "y", "origin": [1.41, 10.4, 6.45]},
			"faces": {
				"north": {"uv": [11, 0, 13, 1], "texture": "#bottom", "cullface": "west"},
				"east": {"uv": [11, 0, 13, 1], "rotation": 90, "texture": "#bottom", "cullface": "west"},
				"south": {"uv": [11, 0, 13, 1], "texture": "#bottom", "cullface": "north"},
				"west": {"uv": [11, 0, 13, 1], "rotation": 90, "texture": "#bottom", "cullface": "west"},
				"up": {"uv": [11, 0, 12, 1], "rotation": 180, "texture": "#bottom"},
				"down": {"uv": [11, 0, 13, 1], "rotation": 270, "texture": "#bottom", "cullface": "west"}
			}
		},
		{
			"name": "ring4",
			"from": [-0.08, 12, 3],
			"to": [2.92, 13, 5],
			"rotation": {"angle": 0, "axis": "y", "origin": [1.41, 10.4, 6.45]},
			"faces": {
				"north": {"uv": [11, 0, 13, 1], "rotation": 90, "texture": "#bottom", "cullface": "west"},
				"east": {"uv": [11, 0, 13, 1], "texture": "#bottom", "cullface": "west"},
				"south": {"uv": [11, 0, 12, 1], "rotation": 180, "texture": "#bottom"},
				"west": {"uv": [11, 0, 13, 1], "rotation": 180, "texture": "#bottom", "cullface": "west"},
				"up": {"uv": [11, 0, 13, 1], "rotation": 180, "texture": "#bottom", "cullface": "west"},
				"down": {"uv": [11, 0, 13, 1], "texture": "#bottom", "cullface": "north"}
			}
		}
	],
	"groups": [
		{
			"name": "door_bottom",
			"origin": [8, 8, 8],
			"children": [0, 1, 2, 3, 4, 5, 6, 7, 8, 9]
		}
	]
}