{
	"ambientocclusion": false,
	"textures": {
		"0": "block/birch_door_top",
		"particle": "block/birch_door_top"
	},
	"elements": [
		{
			"name": "side1",
			"from": [0, 0, 13],
			"to": [3, 16, 16],
			"rotation": {"angle": 0, "axis": "y", "origin": [1.5, 9.25, 8]},
			"faces": {
				"north": {"uv": [16, 0, 13, 16], "texture": "#0"},
				"east": {"uv": [0, 0, 3, 16], "texture": "#0"},
				"south": {"uv": [16, 0, 13, 16], "texture": "#0"},
				"west": {"uv": [3, 0, 0, 16], "texture": "#0"},
				"up": {"uv": [13, 0, 16, 3], "rotation": 180, "texture": "#0", "cullface": "up"}
			}
		},
		{
			"name": "side2",
			"from": [0, 0, 0],
			"to": [3, 16, 3],
			"rotation": {"angle": 0, "axis": "y", "origin": [1.5, 9.25, 8]},
			"faces": {
				"north": {"uv": [16, 0, 0, 3], "rotation": 90, "texture": "#0"},
				"east": {"uv": [13, 0, 16, 16], "texture": "#0"},
				"south": {"uv": [16, 0, 13, 16], "texture": "#0"},
				"west": {"uv": [16, 0, 13, 16], "texture": "#0"},
				"up": {"uv": [16, 0, 13, 3], "texture": "#0", "cullface": "up"}
			}
		},
		{
			"name": "top",
			"from": [0, 13, 3],
			"to": [3, 16, 13],
			"rotation": {"angle": 0, "axis": "y", "origin": [1.5, 9.25, 8]},
			"faces": {
				"north": {"uv": [13, 0, 3, 3], "rotation": 180, "texture": "#0"},
				"east": {"uv": [13, 0, 3, 3], "texture": "#0"},
				"south": {"uv": [16, 0, 13, 16], "texture": "#0"},
				"west": {"uv": [13, 0, 3, 3], "texture": "#0"},
				"up": {"uv": [3, 0, 13, 3], "rotation": 90, "texture": "#0"},
				"down": {"uv": [0, 0, 0, 0], "rotation": 180, "texture": "#0"}
			}
		},
		{
			"name": "middle",
			"from": [1, 0, 3],
			"to": [2, 13, 13],
			"rotation": {"angle": 0, "axis": "y", "origin": [1.5, 9.25, 8]},
			"faces": {
				"north": {"uv": [13, 0, 3, 3], "rotation": 180, "texture": "#0"},
				"east": {"uv": [13, 3, 3, 16], "texture": "#0"},
				"south": {"uv": [16, 0, 13, 16], "texture": "#0"},
				"west": {"uv": [13, 3, 3, 16], "texture": "#0"},
				"up": {"uv": [3, 0, 13, 3], "rotation": 90, "texture": "#0"},
				"down": {"uv": [0, 0, 0, 0], "rotation": 180, "texture": "#0"}
			}
		}
	],
	"groups": [
		{
			"name": "door_top",
			"origin": [8, 8, 8],
			"children": [0, 1, 2, 3]
		}
	]
}