{
	"ambientocclusion": false,
	"textures": {
		"particle": "block/crimson_door_bottom",
		"bottom": "block/crimson_door_bottom"
	},
	"elements": [
		{
			"name": "inner",
			"from": [1, 0, 0],
			"to": [2, 16, 16],
			"rotation": {"angle": 0, "axis": "y", "origin": [1.5, 8.25, 8]},
			"faces": {
				"north": {"uv": [15, 0, 16, 16], "texture": "#bottom", "cullface": "south"},
				"east": {"uv": [0, 0, 16, 16], "texture": "#bottom", "cullface": "west"},
				"south": {"uv": [1, 0, 0, 16], "texture": "#bottom", "cullface": "north"},
				"west": {"uv": [16, 0, 0, 16], "texture": "#bottom"},
				"up": {"uv": [0, 0, 0, 0], "rotation": 180, "texture": "#bottom"},
				"down": {"uv": [15, 0, 16, 16], "rotation": 180, "texture": "#bottom", "cullface": "down"}
			}
		},
		{
			"from": [0, 6, 0],
			"to": [3, 11, 16],
			"rotation": {"angle": 0, "axis": "y", "origin": [1.5, 8.25, 8]},
			"faces": {
				"north": {"uv": [0, 5, 3, 10], "texture": "#bottom", "cullface": "south"},
				"east": {"uv": [0, 5, 16, 10], "texture": "#bottom", "cullface": "west"},
				"south": {"uv": [16, 5, 13, 10], "texture": "#bottom", "cullface": "north"},
				"west": {"uv": [16, 0, 0, 16], "texture": "#bottom"},
				"up": {"uv": [0, 6, 16, 9], "rotation": 270, "texture": "#bottom"},
				"down": {"uv": [15, 0, 16, 16], "rotation": 180, "texture": "#bottom", "cullface": "down"}
			}
		}
	],
	"groups": [
		{
			"name": "door_bottom",
			"origin": [8, 8, 8],
			"children": [0, 1]
		}
	]
}