{
	"ambientocclusion": false,
	"textures": {
		"particle": "block/crimson_door_top",
		"top": "block/crimson_door_top"
	},
	"elements": [
		{
			"name": "inner",
			"from": [1, 0, 0],
			"to": [2, 16, 16],
			"faces": {
				"north": {"uv": [1, 0, 0, 16], "texture": "#top", "cullface": "north"},
				"east": {"uv": [16, 0, 0, 16], "texture": "#top"},
				"south": {"uv": [15, 0, 16, 16], "texture": "#top", "cullface": "south"},
				"west": {"uv": [0, 0, 16, 16], "texture": "#top", "cullface": "west"},
				"up": {"uv": [15, 0, 16, 16], "texture": "#top", "cullface": "up"},
				"down": {"uv": [0, 0, 0, 0], "texture": "#top"}
			}
		},
		{
			"name": "outer",
			"from": [0, 6, 0],
			"to": [3, 11, 16],
			"faces": {
				"north": {"uv": [3, 5, 0, 10], "texture": "#top", "cullface": "north"},
				"east": {"uv": [16, 5, 0, 10], "texture": "#top", "cullface": "west"},
				"south": {"uv": [13, 5, 16, 10], "texture": "#top", "cullface": "south"},
				"west": {"uv": [0, 5, 16, 10], "texture": "#top", "cullface": "west"},
				"up": {"uv": [0, 4, 16, 6], "rotation": 90, "texture": "#top", "cullface": "up"},
				"down": {"uv": [0, 0, 0, 0], "texture": "#top"}
			}
		}
	],
	"groups": [
		{
			"name": "door_top",
			"origin": [8, 8, 8],
			"children": [0, 1]
		}
	]
}