{
	"ambientocclusion": false,
	"textures": {
		"bottom": "block/acacia_door_top"
	},
	"elements": [
		{
			"name": "side1",
			"from": [0, 0, 13],
			"to": [3, 16, 16],
			"faces": {
				"north": {"uv": [16, 0, 13, 16], "texture": "#bottom", "cullface": "north"},
				"east": {"uv": [0, 0, 3, 16], "texture": "#bottom"},
				"south": {"uv": [0, 0, 3, 16], "texture": "#bottom", "cullface": "south"},
				"west": {"uv": [3, 0, 0, 16], "texture": "#bottom", "cullface": "west"},
				"up": {"uv": [13, 13, 16, 16], "texture": "#bottom", "cullface": "up"}
			}
		},
		{
			"name": "side2",
			"from": [0, 13, 3],
			"to": [3, 16, 13],
			"rotation": {"angle": 0, "axis": "x", "origin": [8, 8, 5]},
			"faces": {
				"north": {"uv": [3, 0, 6, 3], "rotation": 180, "texture": "#bottom", "cullface": "up"},
				"east": {"uv": [3, 3, 13, 0], "rotation": 180, "texture": "#bottom"},
				"west": {"uv": [3, 3, 13, 0], "rotation": 180, "texture": "#bottom"},
				"up": {"uv": [3, 3, 13, 0], "rotation": 90, "texture": "#bottom"},
				"down": {"uv": [16, 0, 0, 3], "rotation": 270, "texture": "#bottom", "cullface": "north"}
			}
		},
		{
			"name": "top",
			"from": [0, 0, 0],
			"to": [3, 16, 3],
			"rotation": {"angle": 0, "axis": "y", "origin": [8, 8, -5]},
			"faces": {
				"north": {"uv": [16, 0, 0, 3], "rotation": 90, "texture": "#bottom", "cullface": "north"},
				"east": {"uv": [13, 0, 16, 16], "texture": "#bottom"},
				"south": {"uv": [13, 0, 16, 16], "texture": "#bottom", "cullface": "south"},
				"west": {"uv": [16, 0, 13, 16], "texture": "#bottom", "cullface": "west"},
				"up": {"uv": [3, 0, 6, 3], "rotation": 270, "texture": "#bottom", "cullface": "up"}
			}
		},
		{
			"name": "bottom",
			"from": [0, 0, 3],
			"to": [3, 1, 13],
			"rotation": {"angle": 0, "axis": "y", "origin": [8, 8, 1]},
			"faces": {
				"north": {"uv": [16, 0, 0, 3], "rotation": 90, "texture": "#bottom", "cullface": "north"},
				"east": {"uv": [2, 15, 13, 16], "texture": "#bottom"},
				"south": {"uv": [13, 0, 16, 16], "texture": "#bottom", "cullface": "south"},
				"west": {"uv": [13, 15, 3, 16], "texture": "#bottom", "cullface": "west"},
				"up": {"uv": [13, 5, 16, 15], "texture": "#bottom", "cullface": "up"}
			}
		},
		{
			"name": "middle1",
			"from": [0.5, 1, 9],
			"to": [2.5, 13, 11],
			"rotation": {"angle": 0, "axis": "y", "origin": [8.5, 9, -1]},
			"faces": {
				"north": {"uv": [5, 3, 7, 15], "texture": "#bottom"},
				"east": {"uv": [5, 3, 7, 15], "texture": "#bottom"},
				"south": {"uv": [5, 3, 7, 15], "texture": "#bottom"},
				"west": {"uv": [5, 3, 7, 15], "texture": "#bottom"},
				"up": {"uv": [13, 3, 16, 15], "texture": "#bottom", "cullface": "up"}
			}
		},
		{
			"name": "middle2",
			"from": [0.5, 1, 5],
			"to": [2.5, 13, 7],
			"rotation": {"angle": 0, "axis": "y", "origin": [8.5, 9, -5]},
			"faces": {
				"north": {"uv": [9, 3, 11, 15], "texture": "#bottom"},
				"east": {"uv": [5, 3, 7, 15], "texture": "#bottom"},
				"south": {"uv": [9, 3, 11, 15], "texture": "#bottom"},
				"west": {"uv": [9, 3, 11, 15], "texture": "#bottom"},
				"up": {"uv": [13, 3, 16, 15], "texture": "#bottom", "cullface": "up"}
			}
		}
	],
	"groups": [
		{
			"name": "door_top",
			"origin": [8, 8, 8],
			"children": [0, 1, 2, 3, 4, 5]
		}
	]
}