{
	"ambientocclusion": false,
	"textures": {
		"bottom": "block/iron_door_bottom"
	},
	"elements": [
		{
			"name": "inner",
			"from": [1.5, 0, 0],
			"to": [2.5, 16, 16],
			"rotation": {"angle": 0, "axis": "y", "origin": [2, 7.75, 8]},
			"faces": {
				"north": {"uv": [0, 0, 1, 16], "texture": "#bottom"},
				"east": {"uv": [0, 16, 16, 0], "rotation": 180, "texture": "#bottom"},
				"south": {"uv": [15, 0, 16, 16], "texture": "#bottom"},
				"west": {"uv": [0, 0, 16, 16], "texture": "#bottom"},
				"up": {"uv": [16, 0, 0, 1], "rotation": 270, "texture": "#bottom"},
				"down": {"uv": [0, 15, 16, 16], "rotation": 270, "texture": "#bottom"}
			}
		},
		{
			"name": "side1",
			"from": [0.5, 0, 0],
			"to": [3.5, 16, 3],
			"rotation": {"angle": 0, "axis": "y", "origin": [2, 7.75, 8]},
			"faces": {
				"north": {"uv": [0, 0, 3, 16], "texture": "#bottom"},
				"east": {"uv": [0, 16, 3, 0], "rotation": 180, "texture": "#bottom"},
				"south": {"uv": [15, 0, 16, 16], "texture": "#bottom"},
				"west": {"uv": [0, 0, 3, 16], "texture": "#bottom"},
				"up": {"uv": [16, 0, 0, 1], "rotation": 270, "texture": "#bottom"},
				"down": {"uv": [0, 15, 16, 16], "rotation": 270, "texture": "#bottom"}
			}
		},
		{
			"name": "side2",
			"from": [0.5, 0, 13],
			"to": [3.5, 16, 16],
			"rotation": {"angle": 0, "axis": "y", "origin": [2, 7.75, 8]},
			"faces": {
				"north": {"uv": [13, 0, 16, 16], "texture": "#bottom"},
				"east": {"uv": [13, 16, 16, 0], "rotation": 180, "texture": "#bottom"},
				"south": {"uv": [13, 0, 16, 16], "texture": "#bottom"},
				"west": {"uv": [13, 0, 16, 16], "texture": "#bottom"},
				"up": {"uv": [16, 0, 0, 1], "rotation": 270, "texture": "#bottom"},
				"down": {"uv": [0, 15, 16, 16], "rotation": 270, "texture": "#bottom"}
			}
		},
		{
			"name": "bottom",
			"from": [0.5, 0, 3],
			"to": [3.5, 3, 13],
			"rotation": {"angle": 0, "axis": "y", "origin": [2, 7.75, 8]},
			"faces": {
				"north": {"uv": [0, 0, 3, 16], "texture": "#bottom"},
				"east": {"uv": [3, 16, 13, 13], "rotation": 180, "texture": "#bottom"},
				"south": {"uv": [13, 0, 16, 16], "texture": "#bottom"},
				"west": {"uv": [3, 13, 13, 16], "texture": "#bottom"},
				"up": {"uv": [13, 12, 3, 13], "rotation": 270, "texture": "#bottom"},
				"down": {"uv": [0, 15, 16, 16], "rotation": 270, "texture": "#bottom"}
			}
		},
		{
			"name": "middle",
			"from": [0.5, 6, 3],
			"to": [3.5, 9, 13],
			"rotation": {"angle": 0, "axis": "y", "origin": [2, 7.75, 8]},
			"faces": {
				"north": {"uv": [0, 0, 3, 16], "texture": "#bottom"},
				"east": {"uv": [3, 10, 13, 7], "rotation": 180, "texture": "#bottom"},
				"south": {"uv": [13, 0, 16, 16], "texture": "#bottom"},
				"west": {"uv": [3, 7, 13, 10], "texture": "#bottom"},
				"up": {"uv": [13, 6, 3, 7], "rotation": 270, "texture": "#bottom"},
				"down": {"uv": [0, 15, 16, 16], "rotation": 270, "texture": "#bottom"}
			}
		},
		{
			"name": "top",
			"from": [0.5, 12, 3],
			"to": [3.5, 15, 13],
			"rotation": {"angle": 0, "axis": "y", "origin": [2, 7.75, 8]},
			"faces": {
				"north": {"uv": [0, 0, 3, 16], "texture": "#bottom"},
				"east": {"uv": [13, 10, 3, 7], "rotation": 180, "texture": "#bottom"},
				"south": {"uv": [13, 0, 16, 16], "texture": "#bottom"},
				"west": {"uv": [3, 7, 13, 10], "texture": "#bottom"},
				"up": {"uv": [13, 6, 3, 7], "rotation": 270, "texture": "#bottom"},
				"down": {"uv": [0, 15, 16, 16], "rotation": 270, "texture": "#bottom"}
			}
		}
	],
	"groups": [
		{
			"name": "iron door",
			"origin": [8, 8, 8],
			"children": [0, 1, 2, 3, 4, 5]
		}
	]
}