{
	"ambientocclusion": false,
	"textures": {
		"particle": "block/iron_door_top",
		"top": "block/iron_door_top"
	},
	"elements": [
		{
			"name": "top",
			"from": [0, 2, 0],
			"to": [3, 16, 16],
			"faces": {
				"north": {"uv": [3, 0, 0, 16], "texture": "#top", "cullface": "north"},
				"east": {"uv": [16, 0, 0, 14], "texture": "#top"},
				"south": {"uv": [13, 0, 16, 14], "texture": "#top", "cullface": "south"},
				"west": {"uv": [0, 0, 16, 14], "texture": "#top", "cullface": "west"},
				"up": {"uv": [13, 16, 16, 0], "texture": "#top", "cullface": "up"},
				"down": {"uv": [0, 0, 0, 0], "texture": "#top"}
			}
		},
		{
			"name": "inside1",
			"from": [0, 13, 3],
			"to": [3, 15, 7],
			"rotation": {"angle": 0, "axis": "y", "origin": [1.5, 14, 5]},
			"faces": {
				"north": {"uv": [9, 11, 12, 14], "texture": "#top"},
				"east": {"uv": [3, 3, 7, 6], "texture": "#top"},
				"south": {"uv": [0, 0, 3, 3], "texture": "#top"},
				"west": {"uv": [3, 3, 7, 6], "texture": "#top"},
				"up": {"uv": [0, 0, 3, 4], "texture": "#top"},
				"down": {"uv": [0, 0, 3, 4], "texture": "#top"}
			}
		},
		{
			"name": "inside2",
			"from": [0, 8, 3],
			"to": [3, 10, 7],
			"rotation": {"angle": 0, "axis": "y", "origin": [1.5, 9, 5]},
			"faces": {
				"north": {"uv": [9, 11, 12, 14], "texture": "#top"},
				"east": {"uv": [3, 3, 7, 6], "texture": "#top"},
				"south": {"uv": [0, 0, 3, 3], "texture": "#top"},
				"west": {"uv": [3, 3, 7, 6], "texture": "#top"},
				"up": {"uv": [0, 0, 3, 4], "texture": "#top"},
				"down": {"uv": [0, 0, 3, 4], "texture": "#top"}
			}
		},
		{
			"name": "inside3",
			"from": [0, 3, 3],
			"to": [3, 5, 7],
			"rotation": {"angle": 0, "axis": "y", "origin": [1.5, 4, 5]},
			"faces": {
				"north": {"uv": [9, 11, 12, 14], "texture": "#top"},
				"east": {"uv": [3, 3, 7, 6], "texture": "#top"},
				"south": {"uv": [0, 0, 3, 3], "texture": "#top"},
				"west": {"uv": [3, 3, 7, 6], "texture": "#top"},
				"up": {"uv": [0, 0, 3, 4], "texture": "#top"},
				"down": {"uv": [0, 0, 3, 4], "texture": "#top"}
			}
		},
		{
			"name": "inside4",
			"from": [0, 3, 9],
			"to": [3, 5, 13],
			"rotation": {"angle": 0, "axis": "y", "origin": [1.5, 4, 11]},
			"faces": {
				"north": {"uv": [9, 11, 12, 14], "texture": "#top"},
				"east": {"uv": [3, 3, 7, 6], "texture": "#top"},
				"south": {"uv": [0, 0, 3, 3], "texture": "#top"},
				"west": {"uv": [3, 3, 7, 6], "texture": "#top"},
				"up": {"uv": [0, 0, 3, 4], "texture": "#top"},
				"down": {"uv": [0, 0, 3, 4], "texture": "#top"}
			}
		},
		{
			"name": "inside5",
			"from": [0, 8, 9],
			"to": [3, 10, 13],
			"rotation": {"angle": 0, "axis": "y", "origin": [1.5, 9, 11]},
			"faces": {
				"north": {"uv": [9, 11, 12, 14], "texture": "#top"},
				"east": {"uv": [3, 3, 7, 6], "texture": "#top"},
				"south": {"uv": [0, 0, 3, 3], "texture": "#top"},
				"west": {"uv": [3, 3, 7, 6], "texture": "#top"},
				"up": {"uv": [0, 0, 3, 4], "texture": "#top"},
				"down": {"uv": [0, 0, 3, 4], "texture": "#top"}
			}
		},
		{
			"name": "inside6",
			"from": [0, 13, 9],
			"to": [3, 15, 13],
			"rotation": {"angle": 0, "axis": "y", "origin": [1.5, 14, 11]},
			"faces": {
				"north": {"uv": [9, 11, 12, 14], "texture": "#top"},
				"east": {"uv": [3, 3, 7, 6], "texture": "#top"},
				"south": {"uv": [0, 0, 3, 3], "texture": "#top"},
				"west": {"uv": [3, 3, 7, 6], "texture": "#top"},
				"up": {"uv": [0, 0, 3, 4], "texture": "#top"},
				"down": {"uv": [0, 0, 3, 4], "texture": "#top"}
			}
		},
		{
			"name": "inside7",
			"from": [0, 9, 13],
			"to": [3, 13, 15],
			"rotation": {"angle": 0, "axis": "x", "origin": [1.5, 11, 14]},
			"faces": {
				"north": {"uv": [0, 0, 3, 4], "rotation": 180, "texture": "#top"},
				"east": {"uv": [3, 3, 7, 6], "rotation": 270, "texture": "#top"},
				"south": {"uv": [0, 0, 3, 4], "texture": "#top"},
				"west": {"uv": [3, 3, 7, 6], "rotation": 90, "texture": "#top"},
				"up": {"uv": [9, 11, 12, 14], "rotation": 180, "texture": "#top"},
				"down": {"uv": [0, 0, 3, 3], "texture": "#top"}
			}
		},
		{
			"name": "inside8",
			"from": [0, 5, 13],
			"to": [3, 9, 15],
			"rotation": {"angle": 0, "axis": "x", "origin": [1.5, 7, 14]},
			"faces": {
				"north": {"uv": [0, 0, 3, 4], "rotation": 180, "texture": "#top"},
				"east": {"uv": [3, 3, 7, 6], "rotation": 270, "texture": "#top"},
				"south": {"uv": [0, 0, 3, 4], "texture": "#top"},
				"west": {"uv": [3, 3, 7, 6], "rotation": 90, "texture": "#top"},
				"up": {"uv": [9, 11, 12, 14], "rotation": 180, "texture": "#top"},
				"down": {"uv": [0, 0, 3, 3], "texture": "#top"}
			}
		},
		{
			"name": "inside9",
			"from": [0, 5, 7],
			"to": [3, 9, 9],
			"rotation": {"angle": 0, "axis": "x", "origin": [1.5, 7, 8]},
			"faces": {
				"north": {"uv": [0, 0, 3, 4], "rotation": 180, "texture": "#top"},
				"east": {"uv": [3, 3, 7, 6], "rotation": 270, "texture": "#top"},
				"south": {"uv": [0, 0, 3, 4], "texture": "#top"},
				"west": {"uv": [3, 3, 7, 6], "rotation": 90, "texture": "#top"},
				"up": {"uv": [9, 11, 12, 14], "rotation": 180, "texture": "#top"},
				"down": {"uv": [0, 0, 3, 3], "texture": "#top"}
			}
		},
		{
			"name": "inside10",
			"from": [0, 9, 7],
			"to": [3, 13, 9],
			"rotation": {"angle": 0, "axis": "x", "origin": [1.5, 11, 8]},
			"faces": {
				"north": {"uv": [0, 0, 3, 4], "rotation": 180, "texture": "#top"},
				"east": {"uv": [3, 3, 7, 6], "rotation": 270, "texture": "#top"},
				"south": {"uv": [0, 0, 3, 4], "texture": "#top"},
				"west": {"uv": [3, 3, 7, 6], "rotation": 90, "texture": "#top"},
				"up": {"uv": [9, 11, 12, 14], "rotation": 180, "texture": "#top"},
				"down": {"uv": [0, 0, 3, 3], "texture": "#top"}
			}
		},
		{
			"name": "inside11",
			"from": [0, 9, 1],
			"to": [3, 13, 3],
			"rotation": {"angle": 0, "axis": "x", "origin": [1.5, 11, 2]},
			"faces": {
				"north": {"uv": [0, 0, 3, 4], "rotation": 180, "texture": "#top"},
				"east": {"uv": [3, 3, 7, 6], "rotation": 270, "texture": "#top"},
				"south": {"uv": [0, 0, 3, 4], "texture": "#top"},
				"west": {"uv": [3, 3, 7, 6], "rotation": 90, "texture": "#top"},
				"up": {"uv": [9, 11, 12, 14], "rotation": 180, "texture": "#top"},
				"down": {"uv": [0, 0, 3, 3], "texture": "#top"}
			}
		},
		{
			"name": "inside12",
			"from": [0, 5, 1],
			"to": [3, 9, 3],
			"rotation": {"angle": 0, "axis": "x", "origin": [1.5, 7, 2]},
			"faces": {
				"north": {"uv": [0, 0, 3, 4], "rotation": 180, "texture": "#top"},
				"east": {"uv": [3, 3, 7, 6], "rotation": 270, "texture": "#top"},
				"south": {"uv": [0, 0, 3, 4], "texture": "#top"},
				"west": {"uv": [3, 3, 7, 6], "rotation": 90, "texture": "#top"},
				"up": {"uv": [9, 11, 12, 14], "rotation": 180, "texture": "#top"},
				"down": {"uv": [0, 0, 3, 3], "texture": "#top"}
			}
		},
		{
			"name": "inside13",
			"from": [0, 0, 7],
			"to": [3, 2, 9],
			"rotation": {"angle": 0, "axis": "x", "origin": [1.5, 0, 8]},
			"faces": {
				"north": {"uv": [0, 0, 3, 4], "rotation": 180, "texture": "#top"},
				"east": {"uv": [3, 0, 7, 3], "rotation": 270, "texture": "#top"},
				"south": {"uv": [0, 0, 3, 4], "texture": "#top"},
				"west": {"uv": [3, 0, 7, 3], "rotation": 90, "texture": "#top"},
				"up": {"uv": [9, 11, 12, 14], "rotation": 180, "texture": "#top"},
				"down": {"uv": [0, 0, 3, 3], "texture": "#top"}
			}
		},
		{
			"name": "inside14",
			"from": [0, 0, 0],
			"to": [3, 2, 3],
			"rotation": {"angle": 0, "axis": "x", "origin": [1.5, 0, 2]},
			"faces": {
				"north": {"uv": [0, 0, 3, 4], "rotation": 180, "texture": "#top"},
				"east": {"uv": [3, 0, 7, 3], "rotation": 270, "texture": "#top"},
				"south": {"uv": [0, 0, 3, 4], "texture": "#top"},
				"west": {"uv": [14, 15, 12, 12], "rotation": 90, "texture": "#top"},
				"up": {"uv": [9, 11, 12, 14], "rotation": 180, "texture": "#top"},
				"down": {"uv": [0, 0, 3, 3], "texture": "#top"}
			}
		},
		{
			"name": "inside15",
			"from": [0, 0, 13],
			"to": [3, 2, 16],
			"rotation": {"angle": 0, "axis": "x", "origin": [1.5, 0, 15]},
			"faces": {
				"north": {"uv": [0, 0, 3, 4], "rotation": 180, "texture": "#top"},
				"east": {"uv": [13, 16, 16, 14], "rotation": 180, "texture": "#top"},
				"south": {"uv": [13, 11, 16, 13], "texture": "#top"},
				"west": {"uv": [16, 16, 13, 14], "rotation": 180, "texture": "#top"},
				"up": {"uv": [9, 11, 12, 14], "rotation": 180, "texture": "#top"},
				"down": {"uv": [0, 0, 3, 3], "texture": "#top"}
			}
		},
		{
			"name": "inside16",
			"from": [1, 0, 3],
			"to": [2, 2, 13],
			"rotation": {"angle": 0, "axis": "x", "origin": [1.5, 0, 15]},
			"faces": {
				"north": {"uv": [0, 0, 3, 4], "rotation": 180, "texture": "#top"},
				"east": {"uv": [3, 16, 13, 14], "rotation": 180, "texture": "#top"},
				"south": {"uv": [0, 0, 3, 4], "texture": "#top"},
				"west": {"uv": [13, 16, 3, 14], "rotation": 180, "texture": "#top"},
				"up": {"uv": [9, 11, 12, 14], "rotation": 180, "texture": "#top"},
				"down": {"uv": [0, 0, 3, 3], "texture": "#top"}
			}
		},
		{
			"name": "inside17",
			"from": [0, 0, 11],
			"to": [3, 2, 13],
			"rotation": {"angle": 0, "axis": "x", "origin": [1.5, 0, 15]},
			"faces": {
				"north": {"uv": [0, 0, 3, 4], "rotation": 180, "texture": "#top"},
				"east": {"uv": [11, 16, 13, 14], "rotation": 180, "texture": "#top"},
				"south": {"uv": [0, 0, 3, 4], "texture": "#top"},
				"west": {"uv": [13, 16, 11, 14], "rotation": 180, "texture": "#top"},
				"up": {"uv": [9, 11, 12, 14], "rotation": 180, "texture": "#top"},
				"down": {"uv": [0, 0, 3, 3], "texture": "#top"}
			}
		}
	],
	"groups": [
		{
			"name": "door_top",
			"origin": [8, 8, 8],
			"children": [0, 1, 2, 3, 4, 5, 6, 7, 8, 9, 10, 11, 12, 13, 14, 15, 16, 17]
		}
	]
}