{
	"ambientocclusion": false,
	"textures": {
		"particle": "block/iron_door_top",
		"top": "block/iron_door_top"
	},
	"elements": [
		{
			"name": "top",
			"from": [0, 2, -0.01667],
			"to": [3, 16, 15.98333],
			"rotation": {"angle": 0, "axis": "y", "origin": [1.5, 6.77778, 8.81667]},
			"faces": {
				"north": {"uv": [13, 0, 16, 14], "texture": "#top", "cullface": "south"},
				"east": {"uv": [0, 0, 16, 14], "texture": "#top", "cullface": "west"},
				"south": {"uv": [3, 0, 0, 16], "texture": "#top", "cullface": "north"},
				"west": {"uv": [16, 0, 0, 14], "texture": "#top"},
				"up": {"uv": [13, 16, 16, 0], "rotation": 180, "texture": "#top", "cullface": "up"},
				"down": {"uv": [0, 0, 0, 0], "rotation": 180, "texture": "#top"}
			}
		},
		{
			"name": "inside1",
			"from": [0, 13, 8.98333],
			"to": [3, 15, 12.98333],
			"rotation": {"angle": 0, "axis": "y", "origin": [1.5, 6.77778, 8.81667]},
			"faces": {
				"north": {"uv": [0, 0, 3, 3], "texture": "#top"},
				"east": {"uv": [3, 3, 7, 6], "texture": "#top"},
				"south": {"uv": [9, 11, 12, 14], "texture": "#top"},
				"west": {"uv": [3, 3, 7, 6], "texture": "#top"},
				"up": {"uv": [0, 0, 3, 4], "rotation": 180, "texture": "#top"},
				"down": {"uv": [0, 0, 3, 4], "rotation": 180, "texture": "#top"}
			}
		},
		{
			"name": "inside2",
			"from": [0, 8, 8.98333],
			"to": [3, 10, 12.98333],
			"rotation": {"angle": 0, "axis": "y", "origin": [1.5, 6.77778, 8.81667]},
			"faces": {
				"north": {"uv": [0, 0, 3, 3], "texture": "#top"},
				"east": {"uv": [3, 3, 7, 6], "texture": "#top"},
				"south": {"uv": [9, 11, 12, 14], "texture": "#top"},
				"west": {"uv": [3, 3, 7, 6], "texture": "#top"},
				"up": {"uv": [0, 0, 3, 4], "rotation": 180, "texture": "#top"},
				"down": {"uv": [0, 0, 3, 4], "rotation": 180, "texture": "#top"}
			}
		},
		{
			"name": "inside3",
			"from": [0, 3, 8.98333],
			"to": [3, 5, 12.98333],
			"rotation": {"angle": 0, "axis": "y", "origin": [1.5, 6.77778, 8.81667]},
			"faces": {
				"north": {"uv": [0, 0, 3, 3], "texture": "#top"},
				"east": {"uv": [3, 3, 7, 6], "texture": "#top"},
				"south": {"uv": [9, 11, 12, 14], "texture": "#top"},
				"west": {"uv": [3, 3, 7, 6], "texture": "#top"},
				"up": {"uv": [0, 0, 3, 4], "rotation": 180, "texture": "#top"},
				"down": {"uv": [0, 0, 3, 4], "rotation": 180, "texture": "#top"}
			}
		},
		{
			"name": "inside4",
			"from": [0, 3, 2.98333],
			"to": [3, 5, 6.98333],
			"rotation": {"angle": 0, "axis": "y", "origin": [1.5, 6.77778, 8.81667]},
			"faces": {
				"north": {"uv": [0, 0, 3, 3], "texture": "#top"},
				"east": {"uv": [3, 3, 7, 6], "texture": "#top"},
				"south": {"uv": [9, 11, 12, 14], "texture": "#top"},
				"west": {"uv": [3, 3, 7, 6], "texture": "#top"},
				"up": {"uv": [0, 0, 3, 4], "rotation": 180, "texture": "#top"},
				"down": {"uv": [0, 0, 3, 4], "rotation": 180, "texture": "#top"}
			}
		},
		{
			"name": "inside5",
			"from": [0, 8, 2.98333],
			"to": [3, 10, 6.98333],
			"rotation": {"angle": 0, "axis": "y", "origin": [1.5, 6.77778, 8.81667]},
			"faces": {
				"north": {"uv": [0, 0, 3, 3], "texture": "#top"},
				"east": {"uv": [3, 3, 7, 6], "texture": "#top"},
				"south": {"uv": [9, 11, 12, 14], "texture": "#top"},
				"west": {"uv": [3, 3, 7, 6], "texture": "#top"},
				"up": {"uv": [0, 0, 3, 4], "rotation": 180, "texture": "#top"},
				"down": {"uv": [0, 0, 3, 4], "rotation": 180, "texture": "#top"}
			}
		},
		{
			"name": "inside6",
			"from": [0, 13, 2.98333],
			"to": [3, 15, 6.98333],
			"rotation": {"angle": 0, "axis": "y", "origin": [1.5, 6.77778, 8.81667]},
			"faces": {
				"north": {"uv": [0, 0, 3, 3], "texture": "#top"},
				"east": {"uv": [3, 3, 7, 6], "texture": "#top"},
				"south": {"uv": [9, 11, 12, 14], "texture": "#top"},
				"west": {"uv": [3, 3, 7, 6], "texture": "#top"},
				"up": {"uv": [0, 0, 3, 4], "rotation": 180, "texture": "#top"},
				"down": {"uv": [0, 0, 3, 4], "rotation": 180, "texture": "#top"}
			}
		},
		{
			"name": "inside7",
			"from": [0, 9, 0.98333],
			"to": [3, 13, 2.98333],
			"rotation": {"angle": 0, "axis": "y", "origin": [1.5, 6.77778, 8.81667]},
			"faces": {
				"north": {"uv": [0, 0, 3, 4], "texture": "#top"},
				"east": {"uv": [3, 3, 7, 6], "rotation": 90, "texture": "#top"},
				"south": {"uv": [0, 0, 3, 4], "rotation": 180, "texture": "#top"},
				"west": {"uv": [3, 3, 7, 6], "rotation": 270, "texture": "#top"},
				"up": {"uv": [9, 11, 12, 14], "texture": "#top"},
				"down": {"uv": [0, 0, 3, 3], "rotation": 180, "texture": "#top"}
			}
		},
		{
			"name": "inside8",
			"from": [0, 5, 0.98333],
			"to": [3, 9, 2.98333],
			"rotation": {"angle": 0, "axis": "y", "origin": [1.5, 6.77778, 8.81667]},
			"faces": {
				"north": {"uv": [0, 0, 3, 4], "texture": "#top"},
				"east": {"uv": [3, 3, 7, 6], "rotation": 90, "texture": "#top"},
				"south": {"uv": [0, 0, 3, 4], "rotation": 180, "texture": "#top"},
				"west": {"uv": [3, 3, 7, 6], "rotation": 270, "texture": "#top"},
				"up": {"uv": [9, 11, 12, 14], "texture": "#top"},
				"down": {"uv": [0, 0, 3, 3], "rotation": 180, "texture": "#top"}
			}
		},
		{
			"name": "inside9",
			"from": [0, 5, 6.98333],
			"to": [3, 9, 8.98333],
			"rotation": {"angle": 0, "axis": "y", "origin": [1.5, 6.77778, 8.81667]},
			"faces": {
				"north": {"uv": [0, 0, 3, 4], "texture": "#top"},
				"east": {"uv": [3, 3, 7, 6], "rotation": 90, "texture": "#top"},
				"south": {"uv": [0, 0, 3, 4], "rotation": 180, "texture": "#top"},
				"west": {"uv": [3, 3, 7, 6], "rotation": 270, "texture": "#top"},
				"up": {"uv": [9, 11, 12, 14], "texture": "#top"},
				"down": {"uv": [0, 0, 3, 3], "rotation": 180, "texture": "#top"}
			}
		},
		{
			"name": "inside10",
			"from": [0, 9, 6.98333],
			"to": [3, 13, 8.98333],
			"rotation": {"angle": 0, "axis": "y", "origin": [1.5, 6.77778, 8.81667]},
			"faces": {
				"north": {"uv": [0, 0, 3, 4], "texture": "#top"},
				"east": {"uv": [3, 3, 7, 6], "rotation": 90, "texture": "#top"},
				"south": {"uv": [0, 0, 3, 4], "rotation": 180, "texture": "#top"},
				"west": {"uv": [3, 3, 7, 6], "rotation": 270, "texture": "#top"},
				"up": {"uv": [9, 11, 12, 14], "texture": "#top"},
				"down": {"uv": [0, 0, 3, 3], "rotation": 180, "texture": "#top"}
			}
		},
		{
			"name": "inside11",
			"from": [0, 9, 12.98333],
			"to": [3, 13, 14.98333],
			"rotation": {"angle": 0, "axis": "y", "origin": [1.5, 6.77778, 8.81667]},
			"faces": {
				"north": {"uv": [0, 0, 3, 4], "texture": "#top"},
				"east": {"uv": [3, 3, 7, 6], "rotation": 90, "texture": "#top"},
				"south": {"uv": [0, 0, 3, 4], "rotation": 180, "texture": "#top"},
				"west": {"uv": [3, 3, 7, 6], "rotation": 270, "texture": "#top"},
				"up": {"uv": [9, 11, 12, 14], "texture": "#top"},
				"down": {"uv": [0, 0, 3, 3], "rotation": 180, "texture": "#top"}
			}
		},
		{
			"name": "inside12",
			"from": [0, 5, 12.98333],
			"to": [3, 9, 14.98333],
			"rotation": {"angle": 0, "axis": "y", "origin": [1.5, 6.77778, 8.81667]},
			"faces": {
				"north": {"uv": [0, 0, 3, 4], "texture": "#top"},
				"east": {"uv": [3, 3, 7, 6], "rotation": 90, "texture": "#top"},
				"south": {"uv": [0, 0, 3, 4], "rotation": 180, "texture": "#top"},
				"west": {"uv": [3, 3, 7, 6], "rotation": 270, "texture": "#top"},
				"up": {"uv": [9, 11, 12, 14], "texture": "#top"},
				"down": {"uv": [0, 0, 3, 3], "rotation": 180, "texture": "#top"}
			}
		},
		{
			"name": "inside13",
			"from": [0, 0, 6.98333],
			"to": [3, 2, 8.98333],
			"rotation": {"angle": 0, "axis": "y", "origin": [1.5, 6.77778, 8.81667]},
			"faces": {
				"north": {"uv": [0, 0, 3, 4], "texture": "#top"},
				"east": {"uv": [3, 0, 7, 3], "rotation": 90, "texture": "#top"},
				"south": {"uv": [0, 0, 3, 4], "rotation": 180, "texture": "#top"},
				"west": {"uv": [3, 0, 7, 3], "rotation": 270, "texture": "#top"},
				"up": {"uv": [9, 11, 12, 14], "texture": "#top"},
				"down": {"uv": [0, 0, 3, 3], "rotation": 180, "texture": "#top"}
			}
		},
		{
			"name": "inside14",
			"from": [0, 0, 12.98333],
			"to": [3, 2, 15.98333],
			"rotation": {"angle": 0, "axis": "y", "origin": [1.5, 6.77778, 8.81667]},
			"faces": {
				"north": {"uv": [0, 0, 3, 4], "texture": "#top"},
				"east": {"uv": [14, 15, 12, 12], "rotation": 90, "texture": "#top"},
				"south": {"uv": [0, 0, 3, 4], "rotation": 180, "texture": "#top"},
				"west": {"uv": [3, 0, 7, 3], "rotation": 270, "texture": "#top"},
				"up": {"uv": [9, 11, 12, 14], "texture": "#top"},
				"down": {"uv": [0, 0, 3, 3], "rotation": 180, "texture": "#top"}
			}
		},
		{
			"name": "inside15",
			"from": [0, 0, -0.01667],
			"to": [3, 2, 2.98333],
			"rotation": {"angle": 0, "axis": "y", "origin": [1.5, 6.77778, 8.81667]},
			"faces": {
				"north": {"uv": [13, 11, 16, 13], "texture": "#top"},
				"east": {"uv": [16, 16, 13, 14], "rotation": 180, "texture": "#top"},
				"south": {"uv": [0, 0, 3, 4], "rotation": 180, "texture": "#top"},
				"west": {"uv": [13, 16, 16, 14], "rotation": 180, "texture": "#top"},
				"up": {"uv": [9, 11, 12, 14], "texture": "#top"},
				"down": {"uv": [0, 0, 3, 3], "rotation": 180, "texture": "#top"}
			}
		},
		{
			"name": "inside16",
			"from": [1, 0, 4.98333],
			"to": [2, 2, 12.98333],
			"rotation": {"angle": 0, "axis": "y", "origin": [1.5, 6.77778, 8.81667]},
			"faces": {
				"north": {"uv": [0, 0, 3, 4], "texture": "#top"},
				"east": {"uv": [11, 16, 3, 14], "rotation": 180, "texture": "#top"},
				"south": {"uv": [0, 0, 3, 4], "rotation": 180, "texture": "#top"},
				"west": {"uv": [3, 16, 11, 14], "rotation": 180, "texture": "#top"},
				"up": {"uv": [9, 11, 12, 14], "texture": "#top"},
				"down": {"uv": [0, 0, 3, 3], "rotation": 180, "texture": "#top"}
			}
		},
		{
			"name": "inside17",
			"from": [0, 0, 2.98333],
			"to": [3, 2, 4.98333],
			"rotation": {"angle": 0, "axis": "y", "origin": [1.5, 6.77778, 8.81667]},
			"faces": {
				"north": {"uv": [0, 0, 3, 4], "texture": "#top"},
				"east": {"uv": [13, 16, 11, 14], "rotation": 180, "texture": "#top"},
				"south": {"uv": [0, 0, 3, 4], "rotation": 180, "texture": "#top"},
				"west": {"uv": [11, 16, 13, 14], "rotation": 180, "texture": "#top"},
				"up": {"uv": [9, 11, 12, 14], "texture": "#top"},
				"down": {"uv": [0, 0, 3, 3], "rotation": 180, "texture": "#top"}
			}
		}
	],
	"groups": [
		{
			"name": "door_top",
			"origin": [8, 8, 8],
			"children": [0, 1, 2, 3, 4, 5, 6, 7, 8, 9, 10, 11, 12, 13, 14, 15, 16, 17]
		}
	]
}