{
	"ambientocclusion": false,
	"textures": {
		"particle": "block/dark_oak_door_top",
		"top": "block/dark_oak_door_top"
	},
	"elements": [
		{
			"name": "side1",
			"from": [0, 2, 0],
			"to": [3, 13, 3],
			"rotation": {"angle": 0, "axis": "y", "origin": [1.5, 7.66667, 8]},
			"faces": {
				"north": {"uv": [13, 3, 16, 14], "texture": "#top", "cullface": "south"},
				"east": {"uv": [13, 3, 16, 14], "texture": "#top", "cullface": "west"},
				"south": {"uv": [7, 6, 6, 7], "texture": "#top", "cullface": "north"},
				"west": {"uv": [16, 3, 13, 14], "texture": "#top"},
				"up": {"uv": [0, 0, 16, 3], "rotation": 270, "texture": "#top", "cullface": "up"},
				"down": {"uv": [0, 0, 0, 0], "rotation": 180, "texture": "#top"}
			}
		},
		{
			"name": "side2",
			"from": [0, 2, 13],
			"to": [3, 13, 16],
			"rotation": {"angle": 0, "axis": "y", "origin": [1.5, 7.66667, 8]},
			"faces": {
				"north": {"uv": [9, 10, 10, 11], "texture": "#top", "cullface": "south"},
				"east": {"uv": [0, 3, 3, 14], "texture": "#top", "cullface": "north"},
				"south": {"uv": [0, 3, 3, 14], "texture": "#top", "cullface": "north"},
				"west": {"uv": [3, 3, 0, 14], "texture": "#top", "cullface": "north"},
				"up": {"uv": [0, 0, 16, 3], "rotation": 270, "texture": "#top", "cullface": "up"},
				"down": {"uv": [0, 0, 0, 0], "rotation": 180, "texture": "#top"}
			}
		},
		{
			"name": "middle",
			"from": [0, 2, 6],
			"to": [3, 13, 10],
			"rotation": {"angle": 0, "axis": "y", "origin": [1.5, 7.66667, 8]},
			"faces": {
				"north": {"uv": [9, 10, 10, 11], "texture": "#top", "cullface": "south"},
				"east": {"uv": [6, 3, 10, 14], "texture": "#top", "cullface": "north"},
				"south": {"uv": [6, 13, 7, 14], "texture": "#top", "cullface": "north"},
				"west": {"uv": [10, 3, 6, 14], "texture": "#top", "cullface": "north"},
				"up": {"uv": [0, 0, 16, 3], "rotation": 270, "texture": "#top", "cullface": "up"},
				"down": {"uv": [0, 0, 0, 0], "rotation": 180, "texture": "#top"}
			}
		},
		{
			"name": "inner",
			"from": [1, 0, 0],
			"to": [2, 16, 16],
			"rotation": {"angle": 0, "axis": "y", "origin": [1.5, 7.66667, 8]},
			"faces": {
				"north": {"uv": [15, 0, 16, 16], "texture": "#top", "cullface": "south"},
				"east": {"uv": [0, 0, 16, 16], "texture": "#top", "cullface": "west"},
				"south": {"uv": [1, 0, 0, 16], "texture": "#top", "cullface": "north"},
				"west": {"uv": [16, 0, 0, 16], "texture": "#top"},
				"up": {"uv": [0, 0, 16, 3], "rotation": 270, "texture": "#top", "cullface": "up"},
				"down": {"uv": [0, 0, 0, 0], "rotation": 180, "texture": "#top"}
			}
		},
		{
			"name": "top",
			"from": [0, 13, 0],
			"to": [3, 16, 16],
			"rotation": {"angle": 0, "axis": "y", "origin": [1.5, 7.66667, 8]},
			"faces": {
				"north": {"uv": [0, 0, 3, 3], "texture": "#top", "cullface": "south"},
				"east": {"uv": [0, 0, 16, 3], "texture": "#top", "cullface": "west"},
				"south": {"uv": [0, 0, 3, 3], "texture": "#top", "cullface": "north"},
				"west": {"uv": [16, 0, 0, 3], "texture": "#top"},
				"up": {"uv": [0, 0, 16, 3], "rotation": 270, "texture": "#top", "cullface": "up"},
				"down": {"uv": [4, 2, 5, 3], "rotation": 180, "texture": "#top"}
			}
		},
		{
			"name": "bottom",
			"from": [0, 0, 0],
			"to": [3, 2, 16],
			"rotation": {"angle": 0, "axis": "y", "origin": [1.5, 7.66667, 8]},
			"faces": {
				"north": {"uv": [0, 0, 3, 3], "texture": "#top", "cullface": "south"},
				"east": {"uv": [0, 14, 16, 16], "texture": "#top"},
				"south": {"uv": [0, 0, 3, 3], "texture": "#top", "cullface": "north"},
				"west": {"uv": [16, 14, 0, 16], "texture": "#top"},
				"up": {"uv": [6, 7, 7, 8], "rotation": 270, "texture": "#top", "cullface": "up"}
			}
		}
	],
	"groups": [
		{
			"name": "door_top",
			"origin": [8, 8, 8],
			"children": [0, 1, 2, 3, 4, 5]
		}
	]
}