{
	"ambientocclusion": false,
	"textures": {
		"particle": "block/dark_oak_door_bottom",
		"bottom": "block/dark_oak_door_bottom"
	},
	"elements": [
		{
			"name": "inner",
			"from": [1, 0, 0],
			"to": [2, 16, 16],
			"rotation": {"angle": 0, "axis": "y", "origin": [1.5, 7.83333, 8]},
			"faces": {
				"north": {"uv": [14, 0, 15, 16], "texture": "#bottom", "cullface": "south"},
				"east": {"uv": [0, 0, 16, 16], "texture": "#bottom", "cullface": "west"},
				"south": {"uv": [0, 0, 1, 16], "texture": "#bottom", "cullface": "north"},
				"west": {"uv": [16, 0, 0, 16], "texture": "#bottom"},
				"up": {"uv": [0, 0, 0, 0], "rotation": 180, "texture": "#bottom"},
				"down": {"uv": [13, 0, 16, 16], "rotation": 180, "texture": "#bottom", "cullface": "down"}
			}
		},
		{
			"name": "top",
			"from": [0, 14, 0],
			"to": [3, 16, 16],
			"rotation": {"angle": 0, "axis": "y", "origin": [1.5, 7.83333, 8]},
			"faces": {
				"north": {"uv": [13, 13, 16, 15], "texture": "#bottom", "cullface": "south"},
				"east": {"uv": [0, 0, 16, 2], "texture": "#bottom", "cullface": "west"},
				"south": {"uv": [0, 0, 3, 2], "texture": "#bottom", "cullface": "north"},
				"west": {"uv": [16, 0, 0, 2], "texture": "#bottom"},
				"up": {"uv": [0, 0, 0, 0], "rotation": 180, "texture": "#bottom"},
				"down": {"uv": [13, 0, 16, 16], "rotation": 180, "texture": "#bottom", "cullface": "down"}
			}
		},
		{
			"name": "bottom",
			"from": [0, 0, 3],
			"to": [3, 3, 13],
			"rotation": {"angle": 0, "axis": "y", "origin": [1.5, 7.83333, 8]},
			"faces": {
				"north": {"uv": [13, 13, 16, 15], "texture": "#bottom", "cullface": "south"},
				"east": {"uv": [3, 13, 13, 16], "texture": "#bottom", "cullface": "west"},
				"south": {"uv": [0, 0, 3, 2], "texture": "#bottom", "cullface": "north"},
				"west": {"uv": [13, 13, 3, 16], "texture": "#bottom", "cullface": "west"},
				"up": {"uv": [13, 6, 14, 7], "rotation": 180, "texture": "#bottom"},
				"down": {"uv": [13, 0, 16, 16], "rotation": 180, "texture": "#bottom", "cullface": "down"}
			}
		},
		{
			"name": "side1",
			"from": [0, 0, 13],
			"to": [3, 14, 16],
			"rotation": {"angle": 0, "axis": "y", "origin": [1.5, 7.83333, 8]},
			"faces": {
				"north": {"uv": [9, 9, 10, 10], "texture": "#bottom", "cullface": "south"},
				"east": {"uv": [0, 2, 3, 16], "texture": "#bottom", "cullface": "west"},
				"south": {"uv": [0, 2, 3, 16], "texture": "#bottom", "cullface": "north"},
				"west": {"uv": [3, 2, 0, 16], "texture": "#bottom"},
				"up": {"uv": [0, 0, 0, 0], "rotation": 180, "texture": "#bottom"},
				"down": {"uv": [13, 0, 16, 16], "rotation": 180, "texture": "#bottom", "cullface": "down"}
			}
		},
		{
			"name": "side2",
			"from": [0, 0, 0],
			"to": [3, 14, 3],
			"rotation": {"angle": 0, "axis": "y", "origin": [1.5, 7.83333, 8]},
			"faces": {
				"north": {"uv": [13, 2, 16, 16], "texture": "#bottom"},
				"east": {"uv": [13, 2, 16, 16], "texture": "#bottom", "cullface": "south"},
				"south": {"uv": [9, 2, 10, 10], "texture": "#bottom", "cullface": "west"},
				"west": {"uv": [16, 2, 13, 16], "texture": "#bottom", "cullface": "north"},
				"up": {"uv": [0, 0, 0, 0], "rotation": 270, "texture": "#bottom"},
				"down": {"uv": [13, 0, 16, 16], "rotation": 90, "texture": "#bottom", "cullface": "down"}
			}
		},
		{
			"name": "middle",
			"from": [0, 3, 6],
			"to": [3, 14, 10],
			"rotation": {"angle": 0, "axis": "y", "origin": [1.5, 7.83333, 8]},
			"faces": {
				"north": {"uv": [9, 5, 10, 7], "texture": "#bottom"},
				"east": {"uv": [6, 2, 10, 13], "texture": "#bottom", "cullface": "south"},
				"south": {"uv": [6, 6, 7, 13], "texture": "#bottom", "cullface": "west"},
				"west": {"uv": [10, 2, 6, 13], "texture": "#bottom", "cullface": "north"},
				"up": {"uv": [0, 0, 0, 0], "rotation": 270, "texture": "#bottom"},
				"down": {"uv": [13, 0, 16, 16], "rotation": 90, "texture": "#bottom", "cullface": "down"}
			}
		}
	],
	"groups": [
		{
			"name": "door_bottom",
			"origin": [8, 8, 8],
			"children": [0, 1, 2, 3, 4, 5]
		}
	]
}